{"timestamp": 1616780663203,"timestamp_f":"Today, 17:44","gm_series":[{"data":[["SURVIVAL",169781759],["SPECTATOR",6771694],["CREATIVE",75362333],["ADVENTURE",0]],"name":"Unnamed_the_end","id":"Unnamed_the_end"},{"data":[["SURVIVAL",2569003205],["SPECTATOR",156895809],["CREATIVE",588858657],["ADVENTURE",129482]],"name":"Unnamed","id":"Unnamed"},{"data":[["SURVIVAL",93242973],["SPECTATOR",1488254],["CREATIVE",8825461],["ADVENTURE",0]],"name":"Unnamed_nether","id":"Unnamed_nether"}],"world_series":[{"name":"Unnamed","y":3314887153,"color":"#0099C6","drilldown":"Unnamed"},{"name":"Unnamed_nether","y":103556688,"color":"#66AA00","drilldown":"Unnamed_nether"},{"name":"Unnamed_the_end","y":251915786,"color":"#316395","drilldown":"Unnamed_the_end"}]}