{"timestamp": 1616780664021,"timestamp_f":"Today, 17:44","data":[{"title": "badcode","start":0},{"title": "Unique: 5","start":"2021-03-10"},{"title": "Unique: 21","start":"2021-03-11"},{"title": "Unique: 25","start":"2021-03-12"},{"title": "Unique: 25","start":"2021-03-13"},{"title": "Unique: 23","start":"2021-03-14"},{"title": "Unique: 22","start":"2021-03-15"},{"title": "Unique: 20","start":"2021-03-16"},{"title": "Unique: 21","start":"2021-03-17"},{"title": "Unique: 21","start":"2021-03-18"},{"title": "Unique: 21","start":"2021-03-19"},{"title": "Unique: 21","start":"2021-03-20"},{"title": "Unique: 19","start":"2021-03-21"},{"title": "Unique: 21","start":"2021-03-22"},{"title": "Unique: 21","start":"2021-03-23"},{"title": "Unique: 20","start":"2021-03-24"},{"title": "Unique: 14","start":"2021-03-25"},{"title": "Unique: 15","start":"2021-03-26"},{"title": "New: 16","start":"2021-03-07","color": "#8BC34A"},{"title": "New: 6","start":"2021-03-08","color": "#8BC34A"},{"title": "New: 1","start":"2021-03-09","color": "#8BC34A"},{"title": "New: 3","start":"2021-03-10","color": "#8BC34A"},{"title": "New: 3","start":"2021-03-11","color": "#8BC34A"},{"title": "New: 5","start":"2021-03-12","color": "#8BC34A"},{"title": "New: 4","start":"2021-03-13","color": "#8BC34A"},{"title": "New: 2","start":"2021-03-16","color": "#8BC34A"},{"title": "New: 2","start":"2021-03-17","color": "#8BC34A"},{"title": "New: 2","start":"2021-03-18","color": "#8BC34A"},{"title": "New: 3","start":"2021-03-19","color": "#8BC34A"},{"title": "New: 5","start":"2021-03-20","color": "#8BC34A"},{"title": "New: 2","start":"2021-03-21","color": "#8BC34A"},{"title": "New: 2","start":"2021-03-22","color": "#8BC34A"},{"title": "New: 3","start":"2021-03-23","color": "#8BC34A"},{"title": "New: 6","start":"2021-03-24","color": "#8BC34A"},{"title": "New: 1","start":"2021-03-26","color": "#8BC34A"},{"title": "Sessions: 9","start":"2021-03-10","color": "#009688"},{"title": "Sessions: 147","start":"2021-03-11","color": "#009688"},{"title": "Sessions: 174","start":"2021-03-12","color": "#009688"},{"title": "Sessions: 168","start":"2021-03-13","color": "#009688"},{"title": "Sessions: 215","start":"2021-03-14","color": "#009688"},{"title": "Sessions: 209","start":"2021-03-15","color": "#009688"},{"title": "Sessions: 218","start":"2021-03-16","color": "#009688"},{"title": "Sessions: 208","start":"2021-03-17","color": "#009688"},{"title": "Sessions: 126","start":"2021-03-18","color": "#009688"},{"title": "Sessions: 91","start":"2021-03-19","color": "#009688"},{"title": "Sessions: 147","start":"2021-03-20","color": "#009688"},{"title": "Sessions: 74","start":"2021-03-21","color": "#009688"},{"title": "Sessions: 114","start":"2021-03-22","color": "#009688"},{"title": "Sessions: 156","start":"2021-03-23","color": "#009688"},{"title": "Sessions: 110","start":"2021-03-24","color": "#009688"},{"title": "Sessions: 70","start":"2021-03-25","color": "#009688"},{"title": "Sessions: 51","start":"2021-03-26","color": "#009688"},{"title": "Playtime: 1h 54m 36s","start":"2021-03-10","color": "#4CAF50"},{"title": "Playtime: 2d 23h 17m 9s","start":"2021-03-11","color": "#4CAF50"},{"title": "Playtime: 3d 15h 8m 24s","start":"2021-03-12","color": "#4CAF50"},{"title": "Playtime: 3d 20h 49m 13s","start":"2021-03-13","color": "#4CAF50"},{"title": "Playtime: 4d 4h 44m 14s","start":"2021-03-14","color": "#4CAF50"},{"title": "Playtime: 2d 21h 47m 47s","start":"2021-03-15","color": "#4CAF50"},{"title": "Playtime: 3d 8h 38m 37s","start":"2021-03-16","color": "#4CAF50"},{"title": "Playtime: 2d 21h 35m 59s","start":"2021-03-17","color": "#4CAF50"},{"title": "Playtime: 2d 21h 42m 55s","start":"2021-03-18","color": "#4CAF50"},{"title": "Playtime: 1d 12h 47m 48s","start":"2021-03-19","color": "#4CAF50"},{"title": "Playtime: 2d 5h 3m 4s","start":"2021-03-20","color": "#4CAF50"},{"title": "Playtime: 1d 13h 27m 45s","start":"2021-03-21","color": "#4CAF50"},{"title": "Playtime: 2d 12h 56m 46s","start":"2021-03-22","color": "#4CAF50"},{"title": "Playtime: 1d 23h 51m 43s","start":"2021-03-23","color": "#4CAF50"},{"title": "Playtime: 5d 7h 57m 20s","start":"2021-03-24","color": "#4CAF50"},{"title": "Playtime: 1d 12h 4m 24s","start":"2021-03-25","color": "#4CAF50"},{"title": "Playtime: 21h 59m 15s","start":"2021-03-26","color": "#4CAF50"}],"firstDay":1}