{"timestamp": 1616780664055,"timestamp_f":"Today, 17:44","activity_labels":["January 29","February 5","February 12","February 19","February 26","March 5","March 12","March 19","Today 26"],"activity_series":[{"data":[0.0,0.0,0.0,0.0,0.0,0.0,0.0,0.0,12.0],"name":"Very Active","color":"#4CAF50"},{"data":[0.0,0.0,0.0,0.0,0.0,0.0,0.0,14.0,9.0],"name":"Active","color":"#8BC34A"},{"data":[0.0,0.0,0.0,0.0,0.0,0.0,0.0,6.0,5.0],"name":"Regular","color":"#CDDC39"},{"data":[0.0,0.0,0.0,0.0,0.0,0.0,24.0,19.0,30.0],"name":"Irregular","color":"#FFC107"},{"data":[0.0,0.0,0.0,0.0,0.0,0.0,8.0,6.0,10.0],"name":"Inactive","color":"#607D8B"}],"activity_pie_series":[{"name":"Very Active","y":12,"color":"#4CAF50"},{"name":"Active","y":9,"color":"#8BC34A"},{"name":"Regular","y":5,"color":"#CDDC39"},{"name":"Irregular","y":30,"color":"#FFC107"},{"name":"Inactive","y":10,"color":"#607D8B"}]}