{"timestamp": 1616780663404,"timestamp_f":"Today, 17:44","geolocation_bar_series":[{"label":"Malta","value":25},{"label":"United States","value":12},{"label":"Czechia","value":5},{"label":"United Kingdom","value":5},{"label":"Moldova","value":4},{"label":"Romania","value":2},{"label":"Netherlands","value":2},{"label":"Belgium","value":2},{"label":"Cyprus","value":1},{"label":"Hong Kong","value":1},{"label":"Hungary","value":1},{"label":"Sweden","value":1},{"label":"Poland","value":1},{"label":"Iraq","value":1},{"label":"Kuwait","value":1},{"label":"Lithuania","value":1}],"geolocations_enabled":true,"geolocation_series":[{"code":"HUN","value":1},{"code":"SWE","value":1},{"code":"USA","value":12},{"code":"HKG","value":1},{"code":"NLD","value":2},{"code":"BEL","value":2},{"code":"IRQ","value":1},{"code":"KWT","value":1},{"code":"MDA","value":4},{"code":"POL","value":1},{"code":"LTU","value":1},{"code":"CZE","value":5},{"code":"MLT","value":25},{"code":"GBR","value":5},{"code":"ROU","value":2},{"code":"CYP","value":1}],"colors":{"high":"#267f00","low":"#EEFFEE","bars":"#4CAF50"}}