{"timestamp": 1616780664647,"timestamp_f":"Today, 17:44","color":"#222","punchCard":[{"x":0,"y":0,"z":0,"marker":{"radius":0}},{"x":3600000,"y":0,"z":0,"marker":{"radius":0}},{"x":7200000,"y":0,"z":0,"marker":{"radius":0}},{"x":10800000,"y":0,"z":0,"marker":{"radius":0}},{"x":14400000,"y":0,"z":0,"marker":{"radius":0}},{"x":18000000,"y":0,"z":0,"marker":{"radius":0}},{"x":21600000,"y":0,"z":6,"marker":{"radius":6}},{"x":25200000,"y":0,"z":7,"marker":{"radius":7}},{"x":28800000,"y":0,"z":8,"marker":{"radius":8}},{"x":32400000,"y":0,"z":8,"marker":{"radius":8}},{"x":36000000,"y":0,"z":6,"marker":{"radius":6}},{"x":39600000,"y":0,"z":9,"marker":{"radius":9}},{"x":43200000,"y":0,"z":7,"marker":{"radius":7}},{"x":46800000,"y":0,"z":5,"marker":{"radius":5}},{"x":50400000,"y":0,"z":6,"marker":{"radius":6}},{"x":54000000,"y":0,"z":6,"marker":{"radius":6}},{"x":57600000,"y":0,"z":5,"marker":{"radius":5}},{"x":61200000,"y":0,"z":8,"marker":{"radius":8}},{"x":64800000,"y":0,"z":12,"marker":{"radius":12}},{"x":68400000,"y":0,"z":8,"marker":{"radius":8}},{"x":72000000,"y":0,"z":5,"marker":{"radius":5}},{"x":75600000,"y":0,"z":0,"marker":{"radius":0}},{"x":79200000,"y":0,"z":0,"marker":{"radius":0}},{"x":82800000,"y":0,"z":0,"marker":{"radius":0}},{"x":0,"y":1,"z":0,"marker":{"radius":0}},{"x":3600000,"y":1,"z":0,"marker":{"radius":0}},{"x":7200000,"y":1,"z":0,"marker":{"radius":0}},{"x":10800000,"y":1,"z":0,"marker":{"radius":0}},{"x":14400000,"y":1,"z":0,"marker":{"radius":0}},{"x":18000000,"y":1,"z":0,"marker":{"radius":0}},{"x":21600000,"y":1,"z":6,"marker":{"radius":6}},{"x":25200000,"y":1,"z":8,"marker":{"radius":8}},{"x":28800000,"y":1,"z":8,"marker":{"radius":8}},{"x":32400000,"y":1,"z":10,"marker":{"radius":10}},{"x":36000000,"y":1,"z":14,"marker":{"radius":14}},{"x":39600000,"y":1,"z":9,"marker":{"radius":9}},{"x":43200000,"y":1,"z":7,"marker":{"radius":7}},{"x":46800000,"y":1,"z":5,"marker":{"radius":5}},{"x":50400000,"y":1,"z":5,"marker":{"radius":5}},{"x":54000000,"y":1,"z":6,"marker":{"radius":6}},{"x":57600000,"y":1,"z":7,"marker":{"radius":7}},{"x":61200000,"y":1,"z":7,"marker":{"radius":7}},{"x":64800000,"y":1,"z":7,"marker":{"radius":7}},{"x":68400000,"y":1,"z":9,"marker":{"radius":9}},{"x":72000000,"y":1,"z":7,"marker":{"radius":7}},{"x":75600000,"y":1,"z":0,"marker":{"radius":0}},{"x":79200000,"y":1,"z":0,"marker":{"radius":0}},{"x":82800000,"y":1,"z":5,"marker":{"radius":5}},{"x":0,"y":2,"z":0,"marker":{"radius":0}},{"x":3600000,"y":2,"z":0,"marker":{"radius":0}},{"x":7200000,"y":2,"z":0,"marker":{"radius":0}},{"x":10800000,"y":2,"z":0,"marker":{"radius":0}},{"x":14400000,"y":2,"z":0,"marker":{"radius":0}},{"x":18000000,"y":2,"z":0,"marker":{"radius":0}},{"x":21600000,"y":2,"z":6,"marker":{"radius":6}},{"x":25200000,"y":2,"z":9,"marker":{"radius":9}},{"x":28800000,"y":2,"z":5,"marker":{"radius":5}},{"x":32400000,"y":2,"z":6,"marker":{"radius":6}},{"x":36000000,"y":2,"z":8,"marker":{"radius":8}},{"x":39600000,"y":2,"z":8,"marker":{"radius":8}},{"x":43200000,"y":2,"z":7,"marker":{"radius":7}},{"x":46800000,"y":2,"z":5,"marker":{"radius":5}},{"x":50400000,"y":2,"z":5,"marker":{"radius":5}},{"x":54000000,"y":2,"z":10,"marker":{"radius":10}},{"x":57600000,"y":2,"z":7,"marker":{"radius":7}},{"x":61200000,"y":2,"z":8,"marker":{"radius":8}},{"x":64800000,"y":2,"z":9,"marker":{"radius":9}},{"x":68400000,"y":2,"z":7,"marker":{"radius":7}},{"x":72000000,"y":2,"z":5,"marker":{"radius":5}},{"x":75600000,"y":2,"z":0,"marker":{"radius":0}},{"x":79200000,"y":2,"z":5,"marker":{"radius":5}},{"x":82800000,"y":2,"z":0,"marker":{"radius":0}},{"x":0,"y":3,"z":5,"marker":{"radius":5}},{"x":3600000,"y":3,"z":0,"marker":{"radius":0}},{"x":7200000,"y":3,"z":0,"marker":{"radius":0}},{"x":10800000,"y":3,"z":0,"marker":{"radius":0}},{"x":14400000,"y":3,"z":0,"marker":{"radius":0}},{"x":18000000,"y":3,"z":0,"marker":{"radius":0}},{"x":21600000,"y":3,"z":5,"marker":{"radius":5}},{"x":25200000,"y":3,"z":5,"marker":{"radius":5}},{"x":28800000,"y":3,"z":5,"marker":{"radius":5}},{"x":32400000,"y":3,"z":5,"marker":{"radius":5}},{"x":36000000,"y":3,"z":5,"marker":{"radius":5}},{"x":39600000,"y":3,"z":6,"marker":{"radius":6}},{"x":43200000,"y":3,"z":9,"marker":{"radius":9}},{"x":46800000,"y":3,"z":9,"marker":{"radius":9}},{"x":50400000,"y":3,"z":10,"marker":{"radius":10}},{"x":54000000,"y":3,"z":7,"marker":{"radius":7}},{"x":57600000,"y":3,"z":9,"marker":{"radius":9}},{"x":61200000,"y":3,"z":10,"marker":{"radius":10}},{"x":64800000,"y":3,"z":8,"marker":{"radius":8}},{"x":68400000,"y":3,"z":8,"marker":{"radius":8}},{"x":72000000,"y":3,"z":6,"marker":{"radius":6}},{"x":75600000,"y":3,"z":0,"marker":{"radius":0}},{"x":79200000,"y":3,"z":0,"marker":{"radius":0}},{"x":82800000,"y":3,"z":0,"marker":{"radius":0}},{"x":0,"y":4,"z":0,"marker":{"radius":0}},{"x":3600000,"y":4,"z":5,"marker":{"radius":5}},{"x":7200000,"y":4,"z":0,"marker":{"radius":0}},{"x":10800000,"y":4,"z":0,"marker":{"radius":0}},{"x":14400000,"y":4,"z":0,"marker":{"radius":0}},{"x":18000000,"y":4,"z":0,"marker":{"radius":0}},{"x":21600000,"y":4,"z":5,"marker":{"radius":5}},{"x":25200000,"y":4,"z":6,"marker":{"radius":6}},{"x":28800000,"y":4,"z":5,"marker":{"radius":5}},{"x":32400000,"y":4,"z":6,"marker":{"radius":6}},{"x":36000000,"y":4,"z":6,"marker":{"radius":6}},{"x":39600000,"y":4,"z":7,"marker":{"radius":7}},{"x":43200000,"y":4,"z":6,"marker":{"radius":6}},{"x":46800000,"y":4,"z":7,"marker":{"radius":7}},{"x":50400000,"y":4,"z":8,"marker":{"radius":8}},{"x":54000000,"y":4,"z":9,"marker":{"radius":9}},{"x":57600000,"y":4,"z":6,"marker":{"radius":6}},{"x":61200000,"y":4,"z":8,"marker":{"radius":8}},{"x":64800000,"y":4,"z":7,"marker":{"radius":7}},{"x":68400000,"y":4,"z":8,"marker":{"radius":8}},{"x":72000000,"y":4,"z":6,"marker":{"radius":6}},{"x":75600000,"y":4,"z":7,"marker":{"radius":7}},{"x":79200000,"y":4,"z":0,"marker":{"radius":0}},{"x":82800000,"y":4,"z":0,"marker":{"radius":0}},{"x":0,"y":5,"z":0,"marker":{"radius":0}},{"x":3600000,"y":5,"z":0,"marker":{"radius":0}},{"x":7200000,"y":5,"z":0,"marker":{"radius":0}},{"x":10800000,"y":5,"z":0,"marker":{"radius":0}},{"x":14400000,"y":5,"z":0,"marker":{"radius":0}},{"x":18000000,"y":5,"z":0,"marker":{"radius":0}},{"x":21600000,"y":5,"z":0,"marker":{"radius":0}},{"x":25200000,"y":5,"z":5,"marker":{"radius":5}},{"x":28800000,"y":5,"z":6,"marker":{"radius":6}},{"x":32400000,"y":5,"z":6,"marker":{"radius":6}},{"x":36000000,"y":5,"z":5,"marker":{"radius":5}},{"x":39600000,"y":5,"z":6,"marker":{"radius":6}},{"x":43200000,"y":5,"z":7,"marker":{"radius":7}},{"x":46800000,"y":5,"z":6,"marker":{"radius":6}},{"x":50400000,"y":5,"z":7,"marker":{"radius":7}},{"x":54000000,"y":5,"z":5,"marker":{"radius":5}},{"x":57600000,"y":5,"z":9,"marker":{"radius":9}},{"x":61200000,"y":5,"z":9,"marker":{"radius":9}},{"x":64800000,"y":5,"z":10,"marker":{"radius":10}},{"x":68400000,"y":5,"z":8,"marker":{"radius":8}},{"x":72000000,"y":5,"z":8,"marker":{"radius":8}},{"x":75600000,"y":5,"z":7,"marker":{"radius":7}},{"x":79200000,"y":5,"z":5,"marker":{"radius":5}},{"x":82800000,"y":5,"z":0,"marker":{"radius":0}},{"x":0,"y":6,"z":5,"marker":{"radius":5}},{"x":3600000,"y":6,"z":0,"marker":{"radius":0}},{"x":7200000,"y":6,"z":0,"marker":{"radius":0}},{"x":10800000,"y":6,"z":0,"marker":{"radius":0}},{"x":14400000,"y":6,"z":0,"marker":{"radius":0}},{"x":18000000,"y":6,"z":0,"marker":{"radius":0}},{"x":21600000,"y":6,"z":0,"marker":{"radius":0}},{"x":25200000,"y":6,"z":5,"marker":{"radius":5}},{"x":28800000,"y":6,"z":5,"marker":{"radius":5}},{"x":32400000,"y":6,"z":6,"marker":{"radius":6}},{"x":36000000,"y":6,"z":6,"marker":{"radius":6}},{"x":39600000,"y":6,"z":7,"marker":{"radius":7}},{"x":43200000,"y":6,"z":9,"marker":{"radius":9}},{"x":46800000,"y":6,"z":8,"marker":{"radius":8}},{"x":50400000,"y":6,"z":7,"marker":{"radius":7}},{"x":54000000,"y":6,"z":6,"marker":{"radius":6}},{"x":57600000,"y":6,"z":5,"marker":{"radius":5}},{"x":61200000,"y":6,"z":11,"marker":{"radius":11}},{"x":64800000,"y":6,"z":9,"marker":{"radius":9}},{"x":68400000,"y":6,"z":7,"marker":{"radius":7}},{"x":72000000,"y":6,"z":5,"marker":{"radius":5}},{"x":75600000,"y":6,"z":0,"marker":{"radius":0}},{"x":79200000,"y":6,"z":0,"marker":{"radius":0}},{"x":82800000,"y":6,"z":0,"marker":{"radius":0}}]}