{"timestamp": 1616780664176,"timestamp_f":"Today, 17:44","player_kills":[{"date":"Today, 17:10:20","weapon":"Netherite Axe","victim":"skinneh","killer":"FrancescoMifsud"},{"date":"Today, 17:00:36","weapon":"Netherite Axe","victim":"skinneh","killer":"FrancescoMifsud"},{"date":"Today, 09:56:45","weapon":"Ender_pearl","victim":"therealjpcdb","killer":"therealjpcdb"},{"date":"Today, 09:11:29","weapon":"Trident","victim":"Ni4ll","killer":"Jonas1998DK"},{"date":"Yesterday, 19:15:11","weapon":"Sand","victim":"QassataLoL","killer":"Cosmobutter"},{"date":"Yesterday, 01:29:40","weapon":"Ender_pearl","victim":"itzLuxz","killer":"itzLuxz"},{"date":"Wednesday, 18:31:21","weapon":"Netherite Sword","victim":"Jonas1998DK","killer":"FoxyTriples"},{"date":"Wednesday, 18:20:00","weapon":"Netherite Sword","victim":"FoxyTriples","killer":"Jonas1998DK"},{"date":"Wednesday, 18:15:33","weapon":"Netherite Sword","victim":"Jonas1998DK","killer":"FoxyTriples"},{"date":"Wednesday, 12:06:12","weapon":"Arrow","victim":"borderline_","killer":"greyisgay"},{"date":"Wednesday, 12:03:16","weapon":"Air","victim":"greyisgay","killer":"borderline_"},{"date":"Tuesday, 18:38:39","weapon":"Air","victim":"DyNaMiC_BrInGeR","killer":"FrancescoMifsud"},{"date":"Tuesday, 17:55:01","weapon":"Netherite Sword","victim":"Alpipanda","killer":"QassataLoL"},{"date":"Tuesday, 17:48:34","weapon":"Netherite Sword","victim":"Alpipanda","killer":"Cosmobutter"},{"date":"Tuesday, 14:33:18","weapon":"Netherite Axe","victim":"therealjpcdb","killer":"QassataLoL"},{"date":"Tuesday, 09:45:44","weapon":"Ender_pearl","victim":"StepSmiley","killer":"StepSmiley"},{"date":"Tuesday, 08:10:10","weapon":"Netherite Sword","victim":"QassataLoL","killer":"vi0lett_"},{"date":"Tuesday, 07:42:55","weapon":"Netherite Pickaxe","victim":"cooolzter","killer":"FrancescoMifsud"},{"date":"Monday, 10:29:41","weapon":"Ender_pearl","victim":"DeNighty","killer":"DeNighty"},{"date":"Mar 20 2021, 20:18:45","weapon":"Arrow","victim":"Lobiks","killer":"Cosmobutter"},{"date":"Mar 20 2021, 20:17:49","weapon":"Netherite Axe","victim":"Lobiks","killer":"FrancescoMifsud"},{"date":"Mar 20 2021, 20:15:51","weapon":"Netherite Sword","victim":"Lobiks","killer":"Cosmobutter"},{"date":"Mar 20 2021, 20:06:00","weapon":"Netherite Sword","victim":"Lobiks","killer":"mattyy_pastizzi"},{"date":"Mar 20 2021, 19:56:03","weapon":"Netherite Axe","victim":"QassataLoL","killer":"FrancescoMifsud"},{"date":"Mar 20 2021, 16:37:46","weapon":"Firework Rocket","victim":"Wexid","killer":"Kiillerdoll"},{"date":"Mar 20 2021, 16:36:42","weapon":"Netherite Sword","victim":"Medonator","killer":"Kiillerdoll"},{"date":"Mar 20 2021, 16:35:11","weapon":"Netherite Sword","victim":"Medonator","killer":"Kiillerdoll"},{"date":"Mar 20 2021, 16:33:11","weapon":"Netherite Sword","victim":"Medonator","killer":"Kiillerdoll"},{"date":"Mar 20 2021, 15:44:05","weapon":"Arrow","victim":"Lobiks","killer":"Case_1112"},{"date":"Mar 20 2021, 15:43:30","weapon":"Arrow","victim":"Lobiks","killer":"Case_1112"},{"date":"Mar 20 2021, 15:42:53","weapon":"Netherite Sword","victim":"Lobiks","killer":"Kiillerdoll"},{"date":"Mar 20 2021, 15:36:32","weapon":"Netherite Sword","victim":"Lobiks","killer":"Kiillerdoll"},{"date":"Mar 20 2021, 14:13:32","weapon":"Ender_pearl","victim":"FoxyTriples","killer":"FoxyTriples"},{"date":"Mar 19 2021, 22:26:03","weapon":"Netherite Sword","victim":"QassataLoL","killer":"therealjpcdb"},{"date":"Mar 19 2021, 22:22:51","weapon":"Netherite Axe","victim":"QassataLoL","killer":"FrancescoMifsud"},{"date":"Mar 19 2021, 22:18:53","weapon":"Netherite Axe","victim":"QassataLoL","killer":"FrancescoMifsud"},{"date":"Mar 19 2021, 22:18:16","weapon":"Diamond Sword","victim":"QassataLoL","killer":"TortaLoL"},{"date":"Mar 19 2021, 21:36:57","weapon":"Netherite Sword","victim":"QassataLoL","killer":"mattyy_pastizzi"},{"date":"Mar 19 2021, 21:25:22","weapon":"Netherite Axe","victim":"QassataLoL","killer":"FrancescoMifsud"},{"date":"Mar 18 2021, 13:33:10","weapon":"Netherite Sword","victim":"Cosmobutter","killer":"JoJo318"},{"date":"Mar 18 2021, 13:19:21","weapon":"Netherite Sword","victim":"DeNighty","killer":"JoJo318"},{"date":"Mar 18 2021, 11:15:41","weapon":"Trident","victim":"Mighty_Python45","killer":"Cosmobutter"},{"date":"Mar 17 2021, 18:56:20","weapon":"Netherite Axe","victim":"rxnx19","killer":"FrancescoMifsud"},{"date":"Mar 17 2021, 14:00:08","weapon":"Arrow","victim":"rxnx19","killer":"FrancescoMifsud"},{"date":"Mar 17 2021, 13:36:13","weapon":"Netherite Axe","victim":"rxnx19","killer":"FrancescoMifsud"},{"date":"Mar 17 2021, 13:35:06","weapon":"Arrow","victim":"rxnx19","killer":"FrancescoMifsud"},{"date":"Mar 17 2021, 13:30:27","weapon":"Netherite Axe","victim":"rxnx19","killer":"FrancescoMifsud"},{"date":"Mar 16 2021, 20:38:26","weapon":"Arrow","victim":"GreenFireWitch","killer":"borderline_"},{"date":"Mar 16 2021, 20:36:04","weapon":"Arrow","victim":"GreenFireWitch","killer":"JoJo318"},{"date":"Mar 16 2021, 20:33:52","weapon":"Netherite Axe","victim":"GreenFireWitch","killer":"JoJo318"},{"date":"Mar 16 2021, 20:13:27","weapon":"Netherite Sword","victim":"ayatahinata","killer":"JoJo318"},{"date":"Mar 16 2021, 06:24:28","weapon":"Ender_pearl","victim":"Ni4ll","killer":"Ni4ll"},{"date":"Mar 15 2021, 18:43:42","weapon":"Netherite Sword","victim":"GreenFireWitch","killer":"JoJo318"},{"date":"Mar 15 2021, 10:33:04","weapon":"Netherite Sword","victim":"StepSmiley","killer":"Cosmobutter"},{"date":"Mar 15 2021, 09:23:56","weapon":"Netherite Sword","victim":"Mighty_Python45","killer":"JoJo318"},{"date":"Mar 14 2021, 18:45:52","weapon":"Iron Sword","victim":"QassataLoL","killer":"DeNighty"},{"date":"Mar 14 2021, 15:52:59","weapon":"Diamond Axe","victim":"Case_1112","killer":"DeNighty"},{"date":"Mar 13 2021, 21:12:23","weapon":"Wooden Sword","victim":"GreenFireWitch","killer":"Gr_en"},{"date":"Mar 13 2021, 21:08:32","weapon":"Netherite Axe","victim":"GreenFireWitch","killer":"borderline_"},{"date":"Mar 13 2021, 21:08:10","weapon":"Air","victim":"GreenFireWitch","killer":"Gr_en"},{"date":"Mar 13 2021, 21:07:51","weapon":"Iron Sword","victim":"Gr_en","killer":"GreenFireWitch"},{"date":"Mar 13 2021, 21:06:36","weapon":"Stone Sword","victim":"Gr_en","killer":"VioletWishh"},{"date":"Mar 13 2021, 21:04:10","weapon":"Netherite Axe","victim":"GreenFireWitch","killer":"borderline_"},{"date":"Mar 13 2021, 21:03:04","weapon":"Netherite Axe","victim":"GreenFireWitch","killer":"borderline_"},{"date":"Mar 13 2021, 21:02:59","weapon":"Iron Sword","victim":"Gr_en","killer":"GreenFireWitch"},{"date":"Mar 13 2021, 21:02:18","weapon":"Netherite Axe","victim":"GreenFireWitch","killer":"borderline_"},{"date":"Mar 13 2021, 21:02:15","weapon":"Iron Sword","victim":"Gr_en","killer":"GreenFireWitch"},{"date":"Mar 13 2021, 20:59:58","weapon":"Netherite Axe","victim":"GreenFireWitch","killer":"borderline_"},{"date":"Mar 13 2021, 20:59:24","weapon":"Netherite Axe","victim":"Gr_en","killer":"borderline_"},{"date":"Mar 13 2021, 20:58:56","weapon":"Iron Sword","victim":"Gr_en","killer":"GreenFireWitch"},{"date":"Mar 13 2021, 20:58:42","weapon":"Wooden Sword","victim":"VioletWishh","killer":"Gr_en"},{"date":"Mar 13 2021, 20:58:03","weapon":"Netherite Axe","victim":"GreenFireWitch","killer":"borderline_"},{"date":"Mar 13 2021, 20:57:27","weapon":"Wooden Sword","victim":"GreenFireWitch","killer":"Gr_en"},{"date":"Mar 13 2021, 20:57:13","weapon":"Iron Sword","victim":"Gr_en","killer":"GreenFireWitch"},{"date":"Mar 13 2021, 20:56:27","weapon":"Wooden Sword","victim":"GreenFireWitch","killer":"Gr_en"},{"date":"Mar 13 2021, 20:56:19","weapon":"Iron Axe","victim":"Gr_en","killer":"GreenFireWitch"},{"date":"Mar 13 2021, 20:54:48","weapon":"Wooden Sword","victim":"VioletWishh","killer":"Gr_en"},{"date":"Mar 13 2021, 20:54:12","weapon":"Air","victim":"Gr_en","killer":"VioletWishh"},{"date":"Mar 13 2021, 20:53:57","weapon":"Wooden Sword","victim":"VioletWishh","killer":"Gr_en"},{"date":"Mar 13 2021, 20:53:41","weapon":"Wooden Sword","victim":"GreenFireWitch","killer":"Gr_en"},{"date":"Mar 13 2021, 20:53:33","weapon":"Wooden Sword","victim":"VioletWishh","killer":"Gr_en"},{"date":"Mar 13 2021, 20:53:05","weapon":"Wooden Sword","victim":"VioletWishh","killer":"Gr_en"},{"date":"Mar 13 2021, 20:52:02","weapon":"Netherite Axe","victim":"GreenFireWitch","killer":"borderline_"},{"date":"Mar 13 2021, 20:51:57","weapon":"Iron Sword","victim":"Gr_en","killer":"GreenFireWitch"},{"date":"Mar 13 2021, 20:50:31","weapon":"Wooden Sword","victim":"GreenFireWitch","killer":"Gr_en"},{"date":"Mar 13 2021, 20:49:29","weapon":"Netherite Axe","victim":"GreenFireWitch","killer":"borderline_"},{"date":"Mar 13 2021, 20:49:20","weapon":"Iron Sword","victim":"Gr_en","killer":"GreenFireWitch"},{"date":"Mar 13 2021, 20:48:36","weapon":"Stone Sword","victim":"Gr_en","killer":"VioletWishh"},{"date":"Mar 13 2021, 20:47:56","weapon":"Iron Sword","victim":"Gr_en","killer":"GreenFireWitch"},{"date":"Mar 13 2021, 20:47:16","weapon":"Netherite Axe","victim":"GreenFireWitch","killer":"borderline_"},{"date":"Mar 13 2021, 20:47:15","weapon":"Iron Sword","victim":"Gr_en","killer":"GreenFireWitch"},{"date":"Mar 13 2021, 20:46:25","weapon":"Iron Sword","victim":"Gr_en","killer":"GreenFireWitch"},{"date":"Mar 13 2021, 20:46:22","weapon":"Iron Sword","victim":"VioletWishh","killer":"GreenFireWitch"},{"date":"Mar 13 2021, 20:46:06","weapon":"Stone Sword","victim":"Gr_en","killer":"VioletWishh"},{"date":"Mar 13 2021, 20:44:56","weapon":"Iron Axe","victim":"TortaLoL","killer":"GreenFireWitch"},{"date":"Mar 13 2021, 20:43:29","weapon":"Netherite Axe","victim":"GreenFireWitch","killer":"borderline_"},{"date":"Mar 13 2021, 20:43:27","weapon":"Iron Sword","victim":"TortaLoL","killer":"GreenFireWitch"},{"date":"Mar 13 2021, 20:43:24","weapon":"Iron Sword","victim":"Gr_en","killer":"GreenFireWitch"},{"date":"Mar 13 2021, 20:42:17","weapon":"Diamond Sword","victim":"GreenFireWitch","killer":"TortaLoL"},{"date":"Mar 13 2021, 20:42:09","weapon":"Stone Sword","victim":"Gr_en","killer":"VioletWishh"}]}