{"timestamp": 1616780665587,"timestamp_f":"Today, 17:44","insights":{"first_session_length_median":"13m 21s","lone_joins":1,"first_session_length_avg":"27m 24s","lone_new_joins_trend":{"text":"0","reversed":true},"first_session_length_trend":{"text":"2m 40s","direction":"+","reversed":false},"first_session_length_median_trend":{"text":"10m ","direction":"-","reversed":false},"lone_joins_trend":{"text":"1","direction":"+","reversed":true},"players_first_join_avg":"4.93","lone_new_joins":0,"players_first_join_trend":{"text":"0.08","direction":"-","reversed":false}},"numbers":{"playtime_7d_avg":"2d 2h 41m 10s","new_players_30d_avg_trend":{"text":"2","direction":"-","reversed":false},"unique_players_30d_avg_trend":{"text":"8","direction":"+","reversed":false},"new_players_retention_30d_perc":"96.97%","playtime_30d_avg":"2d 14h 41m 35s","new_players_7d":21,"new_players_24h_avg":1,"average_tps":"19.78","playtime_30d_trend":{"text":"1 month, 10d 16h 48m 27s","direction":"+","reversed":false},"new_players_retention_7d_perc":"61.9%","sessions_7d":766,"session_length_30d_avg":"27m 57s","new_players_30d":66,"unique_players_30d_trend":{"text":"45","direction":"+","reversed":false},"new_players_24h":1,"new_players_30d_trend":{"text":"8","direction":"+","reversed":false},"playtime_7d":"16d 23h 24m 19s","sessions_30d_trend":{"text":"2093","direction":"+","reversed":false},"unique_players_30d_avg":19,"new_players_retention_7d":13,"unique_players_7d_avg":18,"playtime_30d_avg_trend":{"text":"1d 19h 10m 56s","direction":"+","reversed":false},"unique_players_7d":47,"sessions_24h":72,"sessions_30d":2287,"playtime_24h_avg":"4d 14h 28m 39s","session_length_24h_avg":"1h 32m 3s","downtime":"6h 23m 17s","new_players_7d_avg":3,"new_players_30d_avg":3,"session_length_7d_avg":"31m 54s","session_length_30d_trend":{"text":"33s","direction":"-","reversed":false},"playtime_24h":"4d 14h 28m 39s","low_tps_spikes":7,"unique_players_30d":66,"playtime_30d":"1 month, 14d 9h 47m 8s","unique_players_24h":15,"unique_players_24h_avg":11,"new_players_retention_24h":1,"new_players_retention_24h_perc":"100%","new_players_retention_30d":64}}