{"timestamp": 1616780663958,"timestamp_f":"Today, 17:44","insights":{"low_tps_cpu":"82.8","low_tps_players":"7.54","low_tps_chunks":"4419.23","low_tps_entities":"3203.38"},"numbers":{"min_disk_24h":"277.14 GB","tps_7d":"19.99","min_disk_30d":"277.14 GB","cpu_24h":"69.73%","max_disk_30d":"302.47 GB","cpu_30d":"68%","cpu_7d":"65.39%","min_disk_7d":"277.14 GB","ram_7d":"2.11 GB","entities_7d":"559","low_tps_spikes_30d":7,"server_downtime_24h":"4m 52s","server_downtime_30d":"6h 23m 17s","tps_24h":"19.97","entities_24h":"589","chunks_24h":"1724","tps_30d":"19.78","entities_30d":"705","low_tps_spikes_24h":0,"max_disk_7d":"301.63 GB","chunks_30d":"1996","max_disk_24h":"280.82 GB","low_tps_spikes_7d":1,"server_downtime_7d":"54m 7s","ram_24h":"1.94 GB","ram_30d":"2.1 GB","chunks_7d":"1672"}}