{"timestamp": 1616780664683,"timestamp_f":"Today, 17:44","table":[{"country":"Belgium","avg_ping":"83 ms","max_ping":"3494 ms","min_ping":"4 ms"},{"country":"Cyprus","avg_ping":"99 ms","max_ping":"3353 ms","min_ping":"21 ms"},{"country":"Czechia","avg_ping":"31 ms","max_ping":"133 ms","min_ping":"11 ms"},{"country":"Hong Kong","avg_ping":"138 ms","max_ping":"169 ms","min_ping":"79 ms"},{"country":"Hungary","avg_ping":"193 ms","max_ping":"2380 ms","min_ping":"48 ms"},{"country":"Iraq","avg_ping":"165 ms","max_ping":"2279 ms","min_ping":"26 ms"},{"country":"Kuwait","avg_ping":"230 ms","max_ping":"2600 ms","min_ping":"54 ms"},{"country":"Lithuania","avg_ping":"56 ms","max_ping":"67 ms","min_ping":"27 ms"},{"country":"Malta","avg_ping":"99 ms","max_ping":"3998 ms","min_ping":"11 ms"},{"country":"Moldova","avg_ping":"113 ms","max_ping":"3953 ms","min_ping":"15 ms"},{"country":"Netherlands","avg_ping":"23 ms","max_ping":"456 ms","min_ping":"7 ms"},{"country":"Poland","avg_ping":"67 ms","max_ping":"286 ms","min_ping":"20 ms"},{"country":"Romania","avg_ping":"45 ms","max_ping":"127 ms","min_ping":"16 ms"},{"country":"Sweden","avg_ping":"17 ms","max_ping":"21 ms","min_ping":"12 ms"},{"country":"United Kingdom","avg_ping":"25 ms","max_ping":"1070 ms","min_ping":"5 ms"},{"country":"United States","avg_ping":"139 ms","max_ping":"3805 ms","min_ping":"22 ms"}]}