{"timestamp": 1616780665365,"timestamp_f":"Today, 17:44","data":[{"sessions":"241","warnings":{"d":"0","v":"0"},"index":{"d":"4.95 (Very Active)","v":"4.946975978934201"},"registered":{"d":"Mar 7 2021, 15:28","v":"1615130912474"},"permissionGroups":{"d":"default, operator","v":"default, operator"},"seen":{"d":"Today, 17:33","v":"1616780016813"},"balance":{"d":"5150.5","v":"5150.5"},"name":"\u003ca class\u003d\"link\" href\u003d\"../player/Cosmobutter\"\u003eCosmobutter\u003c/a\u003e","activePlaytime":{"d":"5d 7h 20m 22s","v":"458422605"},"isMuted":{"d":"-","v":"-"},"primaryGroup":{"d":"operator","v":"operator"},"geolocation":"Malta","claimedArea":{"d":"983","v":"983"},"group":{"d":"default, Admin","v":"default, Admin"}},{"sessions":"84","warnings":{"d":"1","v":"1"},"index":{"d":"4.84 (Very Active)","v":"4.841810985475805"},"registered":{"d":"Mar 8 2021, 18:28","v":"1615228107289"},"permissionGroups":{"d":"default","v":"default"},"seen":{"d":"Today, 17:15","v":"1616778923097"},"balance":{"d":"0","v":"0.0"},"name":"\u003ca class\u003d\"link\" href\u003d\"../player/QassataLoL\"\u003eQassataLoL\u003c/a\u003e","activePlaytime":{"d":"2d 12h 22m 53s","v":"217373280"},"isMuted":{"d":"-","v":"-"},"primaryGroup":{"d":"default","v":"default"},"geolocation":"Malta","claimedArea":{"d":"1156","v":"1156"},"group":{"d":"default","v":"default"}},{"sessions":"1","warnings":{"d":"0","v":"0"},"index":{"d":"1.06 (Irregular)","v":"1.058625554257861"},"registered":{"d":"Today, 16:41","v":"1616776871303"},"permissionGroups":{"d":"default","v":"default"},"seen":{"d":"Today, 17:14","v":"1616778866474"},"balance":{"d":"0","v":"0.0"},"name":"\u003ca class\u003d\"link\" href\u003d\"../player/skinneh\"\u003eskinneh\u003c/a\u003e","activePlaytime":{"d":"33m 15s","v":"1995088"},"isMuted":{"d":"-","v":"-"},"primaryGroup":{"d":"default","v":"default"},"geolocation":"Malta","claimedArea":{"d":"0","v":"0"},"group":{"d":"default","v":"default"}},{"sessions":"151","warnings":{"d":"3","v":"3"},"index":{"d":"4.9 (Very Active)","v":"4.897919125401756"},"registered":{"d":"Mar 7 2021, 15:28","v":"1615130917109"},"permissionGroups":{"d":"default","v":"default"},"seen":{"d":"Today, 17:13","v":"1616778783537"},"balance":{"d":"0","v":"0.0"},"name":"\u003ca class\u003d\"link\" href\u003d\"../player/FrancescoMifsud\"\u003eFrancescoMifsud\u003c/a\u003e","activePlaytime":{"d":"2d 10h 18m 51s","v":"209931239"},"isMuted":{"d":"-","v":"-"},"primaryGroup":{"d":"default","v":"default"},"geolocation":"Malta","claimedArea":{"d":"0","v":"0"},"group":{"d":"default","v":"default"}},{"sessions":"130","warnings":{"d":"0","v":"0"},"index":{"d":"4.88 (Very Active)","v":"4.88406638911374"},"registered":{"d":"Mar 7 2021, 18:42","v":"1615142559395"},"permissionGroups":{"d":"default","v":"default"},"seen":{"d":"Today, 16:12","v":"1616775169223"},"balance":{"d":"1000","v":"1000.0"},"name":"\u003ca class\u003d\"link\" href\u003d\"../player/Case_1112\"\u003eCase_1112\u003c/a\u003e","activePlaytime":{"d":"2d 7h 2m 16s","v":"198136124"},"isMuted":{"d":"-","v":"-"},"primaryGroup":{"d":"default","v":"default"},"geolocation":"United States","claimedArea":{"d":"81","v":"81"},"group":{"d":"default","v":"default"}},{"sessions":"7","warnings":{"d":"0","v":"0"},"index":{"d":"1.7 (Irregular)","v":"1.6966750183695063"},"registered":{"d":"Mar 11 2021, 12:06","v":"1615464360696"},"permissionGroups":{"d":"default","v":"default"},"seen":{"d":"Today, 15:50","v":"1616773828370"},"balance":{"d":"0","v":"0.0"},"name":"\u003ca class\u003d\"link\" href\u003d\"../player/DoggoTheBear\"\u003eDoggoTheBear\u003c/a\u003e","activePlaytime":{"d":"44m 42s","v":"2682086"},"isMuted":{"d":"-","v":"-"},"primaryGroup":{"d":"default","v":"default"},"geolocation":"Romania","claimedArea":{"d":"0","v":"0"},"group":{"d":"default","v":"default"}},{"sessions":"4","warnings":{"d":"0","v":"0"},"index":{"d":"1.97 (Irregular)","v":"1.9657376960784454"},"registered":{"d":"Mar 10 2021, 14:08","v":"1615385339265"},"permissionGroups":{"d":"default","v":"default"},"seen":{"d":"Today, 15:46","v":"1616773569986"},"balance":{"d":"0","v":"0.0"},"name":"\u003ca class\u003d\"link\" href\u003d\"../player/LiquidTheBear\"\u003eLiquidTheBear\u003c/a\u003e","activePlaytime":{"d":"1h 22m 45s","v":"4965029"},"isMuted":{"d":"-","v":"-"},"primaryGroup":{"d":"default","v":"default"},"geolocation":"Romania","claimedArea":{"d":"0","v":"0"},"group":{"d":"default","v":"default"}},{"sessions":"245","warnings":{"d":"0","v":"0"},"index":{"d":"3.21 (Active)","v":"3.2123801816460134"},"registered":{"d":"Mar 9 2021, 16:12","v":"1615306377954"},"permissionGroups":{"d":"default","v":"default"},"seen":{"d":"Today, 15:44","v":"1616773496489"},"balance":{"d":"0","v":"0.0"},"name":"\u003ca class\u003d\"link\" href\u003d\"../player/StepSmiley\"\u003eStepSmiley\u003c/a\u003e","activePlaytime":{"d":"19h 38m 1s","v":"70681491"},"isMuted":{"d":"-","v":"-"},"primaryGroup":{"d":"default","v":"default"},"geolocation":"Belgium","claimedArea":{"d":"0","v":"0"},"group":{"d":"default","v":"default"}},{"sessions":"66","warnings":{"d":"0","v":"0"},"index":{"d":"4.65 (Very Active)","v":"4.647895312339201"},"registered":{"d":"Mar 7 2021, 18:10","v":"1615140641637"},"permissionGroups":{"d":"default","v":"default"},"seen":{"d":"Today, 14:43","v":"1616769838461"},"balance":{"d":"0","v":"0.0"},"name":"\u003ca class\u003d\"link\" href\u003d\"../player/namrahnad\"\u003enamrahnad\u003c/a\u003e","activePlaytime":{"d":"19h 6m 4s","v":"68764779"},"isMuted":{"d":"-","v":"-"},"primaryGroup":{"d":"default","v":"default"},"geolocation":"United States","claimedArea":{"d":"81","v":"81"},"group":{"d":"default","v":"default"}},{"sessions":"86","warnings":{"d":"0","v":"0"},"index":{"d":"4.78 (Very Active)","v":"4.780878723693826"},"registered":{"d":"Mar 7 2021, 15:43","v":"1615131801141"},"permissionGroups":{"d":"default, moderator, operator","v":"default, moderator, operator"},"seen":{"d":"Today, 12:16","v":"1616761017313"},"balance":{"d":"0","v":"0.0"},"name":"\u003ca class\u003d\"link\" href\u003d\"../player/DeNighty\"\u003eDeNighty\u003c/a\u003e","activePlaytime":{"d":"2d 16h 51m 15s","v":"233475781"},"isMuted":{"d":"-","v":"-"},"primaryGroup":{"d":"operator","v":"operator"},"geolocation":"Cyprus","claimedArea":{"d":"2444","v":"2444"},"group":{"d":"default, Moderator, Admin","v":"default, Moderator, Admin"}},{"sessions":"42","warnings":{"d":"0","v":"0"},"index":{"d":"1.63 (Irregular)","v":"1.6308361803917597"},"registered":{"d":"Wednesday, 10:55","v":"1616583304928"},"permissionGroups":{"d":"default","v":"default"},"seen":{"d":"Today, 10:02","v":"1616752923538"},"balance":{"d":"0","v":"0.0"},"name":"\u003ca class\u003d\"link\" href\u003d\"../player/Jonas1998DK\"\u003eJonas1998DK\u003c/a\u003e","activePlaytime":{"d":"14h 29m 16s","v":"52156719"},"isMuted":{"d":"-","v":"-"},"primaryGroup":{"d":"default","v":"default"},"geolocation":"Malta","claimedArea":{"d":"444","v":"444"},"group":{"d":"default","v":"default"}},{"sessions":"42","warnings":{"d":"0","v":"0"},"index":{"d":"3.57 (Active)","v":"3.5682807043177664"},"registered":{"d":"Mar 7 2021, 15:38","v":"1615131506960"},"permissionGroups":{"d":"default","v":"default"},"seen":{"d":"Today, 09:59","v":"1616752794259"},"balance":{"d":"0","v":"0.0"},"name":"\u003ca class\u003d\"link\" href\u003d\"../player/therealjpcdb\"\u003etherealjpcdb\u003c/a\u003e","activePlaytime":{"d":"1d 4h 1m 26s","v":"100886650"},"isMuted":{"d":"-","v":"-"},"primaryGroup":{"d":"default","v":"default"},"geolocation":"Malta","claimedArea":{"d":"81","v":"81"},"group":{"d":"default","v":"default"}},{"sessions":"38","warnings":{"d":"0","v":"0"},"index":{"d":"4.44 (Very Active)","v":"4.4365516930907365"},"registered":{"d":"Mar 7 2021, 15:28","v":"1615130910503"},"permissionGroups":{"d":"default","v":"default"},"seen":{"d":"Today, 09:12","v":"1616749966508"},"balance":{"d":"0","v":"0.0"},"name":"\u003ca class\u003d\"link\" href\u003d\"../player/Ni4ll\"\u003eNi4ll\u003c/a\u003e","activePlaytime":{"d":"8h 53m 50s","v":"32030485"},"isMuted":{"d":"-","v":"-"},"primaryGroup":{"d":"default","v":"default"},"geolocation":"Malta","claimedArea":{"d":"0","v":"0"},"group":{"d":"default","v":"default"}},{"sessions":"102","warnings":{"d":"0","v":"0"},"index":{"d":"4.87 (Very Active)","v":"4.8733583513486005"},"registered":{"d":"Mar 7 2021, 17:31","v":"1615138296448"},"permissionGroups":{"d":"default","v":"default"},"seen":{"d":"Today, 08:04","v":"1616745899176"},"balance":{"d":"3383","v":"3383.0"},"name":"\u003ca class\u003d\"link\" href\u003d\"../player/FoxyTriples\"\u003eFoxyTriples\u003c/a\u003e","activePlaytime":{"d":"2d 14h 54m 30s","v":"226470906"},"isMuted":{"d":"-","v":"-"},"primaryGroup":{"d":"default","v":"default"},"geolocation":"United Kingdom","claimedArea":{"d":"418","v":"418"},"group":{"d":"default","v":"default"}},{"sessions":"55","warnings":{"d":"1","v":"1"},"index":{"d":"3.13 (Active)","v":"3.1316539105053076"},"registered":{"d":"Mar 13 2021, 17:53","v":"1615658024444"},"permissionGroups":{"d":"default","v":"default"},"seen":{"d":"Today, 04:18","v":"1616732322350"},"balance":{"d":"0","v":"0.0"},"name":"\u003ca class\u003d\"link\" href\u003d\"../player/WitherKnight_\"\u003eWitherKnight_\u003c/a\u003e","activePlaytime":{"d":"17h 12m 10s","v":"61930638"},"isMuted":{"d":"-","v":"-"},"primaryGroup":{"d":"default","v":"default"},"geolocation":"United States","claimedArea":{"d":"0","v":"0"},"group":{"d":"default","v":"default"}},{"sessions":"4","warnings":{"d":"0","v":"0"},"index":{"d":"1.56 (Irregular)","v":"1.5571114418920247"},"registered":{"d":"Wednesday, 06:42","v":"1616568125759"},"permissionGroups":{"d":"default, moderator","v":"default, moderator"},"seen":{"d":"Yesterday, 11:59","v":"1616673558443"},"balance":{"d":"0","v":"0.0"},"name":"\u003ca class\u003d\"link\" href\u003d\"../player/greyisgay\"\u003egreyisgay\u003c/a\u003e","activePlaytime":{"d":"4h 31m 26s","v":"16286930"},"isMuted":{"d":"-","v":"-"},"primaryGroup":{"d":"moderator","v":"moderator"},"geolocation":"Moldova","claimedArea":{"d":"602040","v":"602040"},"group":{"d":"default, Moderator","v":"default, Moderator"}},{"sessions":"133","warnings":{"d":"0","v":"0"},"index":{"d":"4.86 (Very Active)","v":"4.855388309315495"},"registered":{"d":"Mar 7 2021, 16:55","v":"1615136128248"},"permissionGroups":{"d":"default, moderator","v":"default, moderator"},"seen":{"d":"Yesterday, 10:59","v":"1616669963759"},"balance":{"d":"0","v":"0.0"},"name":"\u003ca class\u003d\"link\" href\u003d\"../player/mattyy_pastizzi\"\u003emattyy_pastizzi\u003c/a\u003e","activePlaytime":{"d":"2d 21m ","v":"174060551"},"isMuted":{"d":"-","v":"-"},"primaryGroup":{"d":"moderator","v":"moderator"},"geolocation":"Malta","claimedArea":{"d":"81","v":"81"},"group":{"d":"default, Moderator","v":"default, Moderator"}},{"sessions":"3","warnings":{"d":"1","v":"1"},"index":{"d":"1.56 (Irregular)","v":"1.5613854281814517"},"registered":{"d":"Mar 21 2021, 00:35","v":"1616286925035"},"permissionGroups":{"d":"default","v":"default"},"seen":{"d":"Yesterday, 02:02","v":"1616637725291"},"balance":{"d":"0","v":"0.0"},"name":"\u003ca class\u003d\"link\" href\u003d\"../player/itzLuxz\"\u003eitzLuxz\u003c/a\u003e","activePlaytime":{"d":"4h 43m 14s","v":"16994632"},"isMuted":{"d":"-","v":"-"},"primaryGroup":{"d":"default","v":"default"},"geolocation":"United States","claimedArea":{"d":"0","v":"0"},"group":{"d":"default","v":"default"}},{"sessions":"162","warnings":{"d":"0","v":"0"},"index":{"d":"4.86 (Very Active)","v":"4.861530816314366"},"registered":{"d":"Mar 7 2021, 15:28","v":"1615130917546"},"permissionGroups":{"d":"default","v":"default"},"seen":{"d":"Wednesday, 18:11","v":"1616609475884"},"balance":{"d":"69","v":"69.0"},"name":"\u003ca class\u003d\"link\" href\u003d\"../player/TortaLoL\"\u003eTortaLoL\u003c/a\u003e","activePlaytime":{"d":"2d 7h 7m 2s","v":"198422973"},"isMuted":{"d":"-","v":"-"},"primaryGroup":{"d":"default","v":"default"},"geolocation":"Malta","claimedArea":{"d":"0","v":"0"},"group":{"d":"default","v":"default"}},{"sessions":"4","warnings":{"d":"0","v":"0"},"index":{"d":"1.48 (Irregular)","v":"1.4778266298611347"},"registered":{"d":"Wednesday, 11:03","v":"1616583838060"},"permissionGroups":{"d":"default","v":"default"},"seen":{"d":"Wednesday, 18:08","v":"1616609338631"},"balance":{"d":"0","v":"0.0"},"name":"\u003ca class\u003d\"link\" href\u003d\"../player/HerbalDoctor\"\u003eHerbalDoctor\u003c/a\u003e","activePlaytime":{"d":"2h 29m 27s","v":"8967720"},"isMuted":{"d":"-","v":"-"},"primaryGroup":{"d":"default","v":"default"},"geolocation":"Netherlands","claimedArea":{"d":"0","v":"0"},"group":{"d":"default","v":"default"}},{"sessions":"4","warnings":{"d":"0","v":"0"},"index":{"d":"1.12 (Irregular)","v":"1.12490096520296"},"registered":{"d":"Tuesday, 17:46","v":"1616521588045"},"permissionGroups":{"d":"default","v":"default"},"seen":{"d":"Wednesday, 12:52","v":"1616590332227"},"balance":{"d":"0","v":"0.0"},"name":"\u003ca class\u003d\"link\" href\u003d\"../player/Alpipanda\"\u003eAlpipanda\u003c/a\u003e","activePlaytime":{"d":"39m 39s","v":"2379334"},"isMuted":{"d":"-","v":"-"},"primaryGroup":{"d":"default","v":"default"},"geolocation":"Malta","claimedArea":{"d":"0","v":"0"},"group":{"d":"default","v":"default"}},{"sessions":"1","warnings":{"d":"0","v":"0"},"index":{"d":"0.95 (Inactive)","v":"0.9527722472222413"},"registered":{"d":"Wednesday, 12:24","v":"1616588685472"},"permissionGroups":{"d":"default","v":"default"},"seen":{"d":"Wednesday, 12:50","v":"1616590214878"},"balance":{"d":"0","v":"0.0"},"name":"\u003ca class\u003d\"link\" href\u003d\"../player/krownismonkey\"\u003ekrownismonkey\u003c/a\u003e","activePlaytime":{"d":"25m 29s","v":"1529353"},"isMuted":{"d":"-","v":"-"},"primaryGroup":{"d":"default","v":"default"},"geolocation":"Malta","claimedArea":{"d":"0","v":"0"},"group":{"d":"default","v":"default"}},{"sessions":"22","warnings":{"d":"0","v":"0"},"index":{"d":"3.07 (Active)","v":"3.068832037017396"},"registered":{"d":"Mar 8 2021, 10:51","v":"1615200700141"},"permissionGroups":{"d":"default","v":"default"},"seen":{"d":"Wednesday, 12:15","v":"1616588118122"},"balance":{"d":"0","v":"0.0"},"name":"\u003ca class\u003d\"link\" href\u003d\"../player/borderline_\"\u003eborderline_\u003c/a\u003e","activePlaytime":{"d":"9h 37m 53s","v":"34673627"},"isMuted":{"d":"-","v":"-"},"primaryGroup":{"d":"default","v":"default"},"geolocation":"United Kingdom","claimedArea":{"d":"0","v":"0"},"group":{"d":"default","v":"default"}},{"sessions":"1","warnings":{"d":"0","v":"0"},"index":{"d":"0.07 (Inactive)","v":"0.07254883329511053"},"registered":{"d":"Wednesday, 10:12","v":"1616580764816"},"permissionGroups":{"d":"default","v":"default"},"seen":{"d":"Wednesday, 10:13","v":"1616580817021"},"balance":{"d":"0","v":"0.0"},"name":"\u003ca class\u003d\"link\" href\u003d\"../player/ILuvMIlk\"\u003eILuvMIlk\u003c/a\u003e","activePlaytime":{"d":"52s","v":"52151"},"isMuted":{"d":"-","v":"-"},"primaryGroup":{"d":"default","v":"default"},"geolocation":"Malta","claimedArea":{"d":"0","v":"0"},"group":{"d":"default","v":"default"}},{"sessions":"1","warnings":{"d":"0","v":"0"},"index":{"d":"0.24 (Inactive)","v":"0.23581348343796726"},"registered":{"d":"Wednesday, 08:22","v":"1616574162503"},"permissionGroups":{"d":"default","v":"default"},"seen":{"d":"Wednesday, 08:25","v":"1616574351417"},"balance":{"d":"0","v":"0.0"},"name":"\u003ca class\u003d\"link\" href\u003d\"../player/Kudli_76\"\u003eKudli_76\u003c/a\u003e","activePlaytime":{"d":"3m 8s","v":"188854"},"isMuted":{"d":"-","v":"-"},"primaryGroup":{"d":"default","v":"default"},"geolocation":"Czechia","claimedArea":{"d":"0","v":"0"},"group":{"d":"default","v":"default"}},{"sessions":"2","warnings":{"d":"0","v":"0"},"index":{"d":"1.1 (Irregular)","v":"1.0984399144501849"},"registered":{"d":"Tuesday, 17:39","v":"1616521172561"},"permissionGroups":{"d":"default","v":"default"},"seen":{"d":"Tuesday, 18:38","v":"1616524719822"},"balance":{"d":"0","v":"0.0"},"name":"\u003ca class\u003d\"link\" href\u003d\"../player/DyNaMiC_BrInGeR\"\u003eDyNaMiC_BrInGeR\u003c/a\u003e","activePlaytime":{"d":"36m 55s","v":"2215171"},"isMuted":{"d":"-","v":"-"},"primaryGroup":{"d":"default","v":"default"},"geolocation":"Malta","claimedArea":{"d":"0","v":"0"},"group":{"d":"default","v":"default"}},{"sessions":"1","warnings":{"d":"0","v":"0"},"index":{"d":"0.14 (Inactive)","v":"0.14459424835918266"},"registered":{"d":"Mar 7 2021, 15:30","v":"1615131036143"},"permissionGroups":{"d":"default","v":"default"},"seen":{"d":"Tuesday, 10:20","v":"1616494857861"},"balance":{"d":"0","v":"0.0"},"name":"\u003ca class\u003d\"link\" href\u003d\"../player/koderedd99\"\u003ekoderedd99\u003c/a\u003e","activePlaytime":{"d":"1m 48s","v":"108860"},"isMuted":{"d":"-","v":"-"},"primaryGroup":{"d":"default","v":"default"},"geolocation":"Belgium","claimedArea":{"d":"0","v":"0"},"group":{"d":"default","v":"default"}},{"sessions":"8","warnings":{"d":"0","v":"0"},"index":{"d":"1.6 (Irregular)","v":"1.599394834929833"},"registered":{"d":"Mar 21 2021, 13:08","v":"1616332090630"},"permissionGroups":{"d":"default, moderator","v":"default, moderator"},"seen":{"d":"Tuesday, 08:17","v":"1616487431856"},"balance":{"d":"0","v":"0.0"},"name":"\u003ca class\u003d\"link\" href\u003d\"../player/vi0lett_\"\u003evi0lett_\u003c/a\u003e","activePlaytime":{"d":"7h 34m 4s","v":"27244263"},"isMuted":{"d":"-","v":"-"},"primaryGroup":{"d":"moderator","v":"moderator"},"geolocation":"Moldova","claimedArea":{"d":"87980","v":"87980"},"group":{"d":"default, Moderator","v":"default, Moderator"}},{"sessions":"35","warnings":{"d":"0","v":"0"},"index":{"d":"1.62 (Irregular)","v":"1.6185216180720134"},"registered":{"d":"Mar 20 2021, 18:55","v":"1616266507896"},"permissionGroups":{"d":"builder, default","v":"builder, default"},"seen":{"d":"Tuesday, 08:13","v":"1616487192168"},"balance":{"d":"24485","v":"24485.0"},"name":"\u003ca class\u003d\"link\" href\u003d\"../player/Koolaidguy_541\"\u003eKoolaidguy_541\u003c/a\u003e","activePlaytime":{"d":"10h 42m 2s","v":"38522947"},"isMuted":{"d":"-","v":"-"},"primaryGroup":{"d":"builder","v":"builder"},"geolocation":"Malta","claimedArea":{"d":"323","v":"323"},"group":{"d":"Helper, default","v":"Helper, default"}},{"sessions":"1","warnings":{"d":"0","v":"0"},"index":{"d":"1.02 (Irregular)","v":"1.0222867537925922"},"registered":{"d":"Tuesday, 07:38","v":"1616485096470"},"permissionGroups":{"d":"default","v":"default"},"seen":{"d":"Tuesday, 08:08","v":"1616486914475"},"balance":{"d":"0","v":"0.0"},"name":"\u003ca class\u003d\"link\" href\u003d\"../player/cooolzter\"\u003ecooolzter\u003c/a\u003e","activePlaytime":{"d":"30m 17s","v":"1817956"},"isMuted":{"d":"-","v":"-"},"primaryGroup":{"d":"default","v":"default"},"geolocation":"Malta","claimedArea":{"d":"0","v":"0"},"group":{"d":"default","v":"default"}},{"sessions":"2","warnings":{"d":"0","v":"0"},"index":{"d":"0.4 (Inactive)","v":"0.39758766230025877"},"registered":{"d":"Mar 19 2021, 20:19","v":"1616185156071"},"permissionGroups":{"d":"default","v":"default"},"seen":{"d":"Monday, 22:30","v":"1616452223910"},"balance":{"d":"0","v":"0.0"},"name":"\u003ca class\u003d\"link\" href\u003d\"../player/ADAXW\"\u003eADAXW\u003c/a\u003e","activePlaytime":{"d":"5m 59s","v":"359002"},"isMuted":{"d":"-","v":"-"},"primaryGroup":{"d":"default","v":"default"},"geolocation":"United States","claimedArea":{"d":"0","v":"0"},"group":{"d":"default","v":"default"}},{"sessions":"9","warnings":{"d":"0","v":"0"},"index":{"d":"3.27 (Active)","v":"3.2723943823362056"},"registered":{"d":"Mar 8 2021, 20:27","v":"1615235250096"},"permissionGroups":{"d":"default","v":"default"},"seen":{"d":"Monday, 21:01","v":"1616446899907"},"balance":{"d":"0","v":"0.0"},"name":"\u003ca class\u003d\"link\" href\u003d\"../player/VioletWishh\"\u003eVioletWishh\u003c/a\u003e","activePlaytime":{"d":"3h 12m 59s","v":"11579242"},"isMuted":{"d":"-","v":"-"},"primaryGroup":{"d":"default","v":"default"},"geolocation":"United Kingdom","claimedArea":{"d":"0","v":"0"},"group":{"d":"default","v":"default"}},{"sessions":"2","warnings":{"d":"0","v":"0"},"index":{"d":"1.56 (Irregular)","v":"1.5629479880986485"},"registered":{"d":"Monday, 09:59","v":"1616407148578"},"permissionGroups":{"d":"default","v":"default"},"seen":{"d":"Monday, 18:22","v":"1616437378586"},"balance":{"d":"0","v":"0.0"},"name":"\u003ca class\u003d\"link\" href\u003d\"../player/kasterial\"\u003ekasterial\u003c/a\u003e","activePlaytime":{"d":"4h 47m 47s","v":"17267926"},"isMuted":{"d":"-","v":"-"},"primaryGroup":{"d":"default","v":"default"},"geolocation":"Netherlands","claimedArea":{"d":"0","v":"0"},"group":{"d":"default","v":"default"}},{"sessions":"1","warnings":{"d":"1","v":"1"},"index":{"d":"1.39 (Irregular)","v":"1.386175934479021"},"registered":{"d":"Monday, 09:56","v":"1616406981587"},"permissionGroups":{"d":"default","v":"default"},"seen":{"d":"Monday, 11:39","v":"1616413156708"},"balance":{"d":"0","v":"0.0"},"name":"\u003ca class\u003d\"link\" href\u003d\"../player/Dutch______\"\u003eDutch______\u003c/a\u003e","activePlaytime":{"d":"1h 34m 23s","v":"5663077"},"isMuted":{"d":"-","v":"-"},"primaryGroup":{"d":"default","v":"default"},"geolocation":"United States","claimedArea":{"d":"0","v":"0"},"group":{"d":"default","v":"default"}},{"sessions":"31","warnings":{"d":"0","v":"0"},"index":{"d":"2.78 (Regular)","v":"2.7825798633192522"},"registered":{"d":"Mar 12 2021, 14:46","v":"1615560418291"},"permissionGroups":{"d":"default","v":"default"},"seen":{"d":"Monday, 01:17","v":"1616375871776"},"balance":{"d":"0","v":"0.0"},"name":"\u003ca class\u003d\"link\" href\u003d\"../player/KingCreeperr\"\u003eKingCreeperr\u003c/a\u003e","activePlaytime":{"d":"2h 7m 7s","v":"7627967"},"isMuted":{"d":"-","v":"-"},"primaryGroup":{"d":"default","v":"default"},"geolocation":"United States","claimedArea":{"d":"0","v":"0"},"group":{"d":"default","v":"default"}},{"sessions":"5","warnings":{"d":"0","v":"0"},"index":{"d":"1.1 (Irregular)","v":"1.0962291654285279"},"registered":{"d":"Mar 19 2021, 23:00","v":"1616194846561"},"permissionGroups":{"d":"default","v":"default"},"seen":{"d":"Sunday, 20:27","v":"1616358466371"},"balance":{"d":"0","v":"0.0"},"name":"\u003ca class\u003d\"link\" href\u003d\"../player/KingDark0101\"\u003eKingDark0101\u003c/a\u003e","activePlaytime":{"d":"36m 42s","v":"2202145"},"isMuted":{"d":"-","v":"-"},"primaryGroup":{"d":"default","v":"default"},"geolocation":"United States","claimedArea":{"d":"0","v":"0"},"group":{"d":"default","v":"default"}},{"sessions":"70","warnings":{"d":"0","v":"0"},"index":{"d":"4.41 (Very Active)","v":"4.413809544481814"},"registered":{"d":"Mar 7 2021, 15:37","v":"1615131424591"},"permissionGroups":{"d":"default","v":"default"},"seen":{"d":"Sunday, 17:55","v":"1616349334541"},"balance":{"d":"0","v":"0.0"},"name":"\u003ca class\u003d\"link\" href\u003d\"../player/ArrowIsa\"\u003eArrowIsa\u003c/a\u003e","activePlaytime":{"d":"1d 1h 41m 9s","v":"92469420"},"isMuted":{"d":"-","v":"-"},"primaryGroup":{"d":"default","v":"default"},"geolocation":"Malta","claimedArea":{"d":"0","v":"0"},"group":{"d":"default","v":"default"}},{"sessions":"8","warnings":{"d":"0","v":"0"},"index":{"d":"1.23 (Irregular)","v":"1.2340154641848722"},"registered":{"d":"Mar 7 2021, 18:48","v":"1615142936514"},"permissionGroups":{"d":"default","v":"default"},"seen":{"d":"Sunday, 17:53","v":"1616349234869"},"balance":{"d":"0","v":"0.0"},"name":"\u003ca class\u003d\"link\" href\u003d\"../player/stealthninga9\"\u003estealthninga9\u003c/a\u003e","activePlaytime":{"d":"34m ","v":"2040810"},"isMuted":{"d":"-","v":"-"},"primaryGroup":{"d":"default","v":"default"},"geolocation":"Malta","claimedArea":{"d":"0","v":"0"},"group":{"d":"default","v":"default"}},{"sessions":"21","warnings":{"d":"1","v":"1"},"index":{"d":"3.1 (Active)","v":"3.0963973797472057"},"registered":{"d":"Mar 18 2021, 22:59","v":"1616108345283"},"permissionGroups":{"d":"default","v":"default"},"seen":{"d":"Mar 21 2021, 04:06","v":"1616299610275"},"balance":{"d":"0","v":"0.0"},"name":"\u003ca class\u003d\"link\" href\u003d\"../player/Lobiks\"\u003eLobiks\u003c/a\u003e","activePlaytime":{"d":"8h 21m 10s","v":"30070605"},"isMuted":{"d":"-","v":"-"},"primaryGroup":{"d":"default","v":"default"},"geolocation":"United States","claimedArea":{"d":"-","v":"-"},"group":{"d":"default","v":"default"}},{"sessions":"12","warnings":{"d":"0","v":"0"},"index":{"d":"1.02 (Irregular)","v":"1.0206078872940987"},"registered":{"d":"Mar 20 2021, 21:19","v":"1616275193424"},"permissionGroups":{"d":"default","v":"default"},"seen":{"d":"Mar 20 2021, 21:53","v":"1616277218625"},"balance":{"d":"0","v":"0.0"},"name":"\u003ca class\u003d\"link\" href\u003d\"../player/Ondrakoke\"\u003eOndrakoke\u003c/a\u003e","activePlaytime":{"d":"30m 10s","v":"1810254"},"isMuted":{"d":"-","v":"-"},"primaryGroup":{"d":"default","v":"default"},"geolocation":"Czechia","claimedArea":{"d":"-","v":"-"},"group":{"d":"default","v":"default"}},{"sessions":"2","warnings":{"d":"0","v":"0"},"index":{"d":"0.3 (Inactive)","v":"0.2975041336440247"},"registered":{"d":"Mar 20 2021, 13:44","v":"1616247868220"},"permissionGroups":{"d":"default","v":"default"},"seen":{"d":"Mar 20 2021, 18:10","v":"1616263856763"},"balance":{"d":"0","v":"0.0"},"name":"\u003ca class\u003d\"link\" href\u003d\"../player/vacjan\"\u003evacjan\u003c/a\u003e","activePlaytime":{"d":"4m 8s","v":"248995"},"isMuted":{"d":"-","v":"-"},"primaryGroup":{"d":"default","v":"default"},"geolocation":"Czechia","claimedArea":{"d":"-","v":"-"},"group":{"d":"default","v":"default"}},{"sessions":"7","warnings":{"d":"0","v":"0"},"index":{"d":"2.22 (Regular)","v":"2.218173200236531"},"registered":{"d":"Mar 19 2021, 17:38","v":"1616175506359"},"permissionGroups":{"d":"builder, default","v":"builder, default"},"seen":{"d":"Mar 20 2021, 17:43","v":"1616262236635"},"balance":{"d":"0","v":"0.0"},"name":"\u003ca class\u003d\"link\" href\u003d\"../player/Kiillerdoll\"\u003eKiillerdoll\u003c/a\u003e","activePlaytime":{"d":"4h 34m 4s","v":"16444945"},"isMuted":{"d":"-","v":"-"},"primaryGroup":{"d":"builder","v":"builder"},"geolocation":"Moldova","claimedArea":{"d":"-","v":"-"},"group":{"d":"Helper, default","v":"Helper, default"}},{"sessions":"7","warnings":{"d":"0","v":"0"},"index":{"d":"1.13 (Irregular)","v":"1.1256644532745748"},"registered":{"d":"Mar 20 2021, 16:14","v":"1616256867459"},"permissionGroups":{"d":"default","v":"default"},"seen":{"d":"Mar 20 2021, 17:03","v":"1616259791883"},"balance":{"d":"0","v":"0.0"},"name":"\u003ca class\u003d\"link\" href\u003d\"../player/Wexid\"\u003eWexid\u003c/a\u003e","activePlaytime":{"d":"39m 44s","v":"2384309"},"isMuted":{"d":"-","v":"-"},"primaryGroup":{"d":"default","v":"default"},"geolocation":"Czechia","claimedArea":{"d":"-","v":"-"},"group":{"d":"default","v":"default"}},{"sessions":"7","warnings":{"d":"0","v":"0"},"index":{"d":"1.08 (Irregular)","v":"1.0771552598167267"},"registered":{"d":"Mar 20 2021, 09:46","v":"1616233575319"},"permissionGroups":{"d":"default","v":"default"},"seen":{"d":"Mar 20 2021, 17:01","v":"1616259704272"},"balance":{"d":"0","v":"0.0"},"name":"\u003ca class\u003d\"link\" href\u003d\"../player/Medonator\"\u003eMedonator\u003c/a\u003e","activePlaytime":{"d":"34m 53s","v":"2093817"},"isMuted":{"d":"-","v":"-"},"primaryGroup":{"d":"default","v":"default"},"geolocation":"Czechia","claimedArea":{"d":"-","v":"-"},"group":{"d":"default","v":"default"}},{"sessions":"3","warnings":{"d":"0","v":"0"},"index":{"d":"0.33 (Inactive)","v":"0.33054113736494006"},"registered":{"d":"Mar 18 2021, 12:48","v":"1616071684171"},"permissionGroups":{"d":"default","v":"default"},"seen":{"d":"Mar 20 2021, 13:28","v":"1616246922916"},"balance":{"d":"0","v":"0.0"},"name":"\u003ca class\u003d\"link\" href\u003d\"../player/Octoppus\"\u003eOctoppus\u003c/a\u003e","activePlaytime":{"d":"4m 18s","v":"258407"},"isMuted":{"d":"-","v":"-"},"primaryGroup":{"d":"default","v":"default"},"geolocation":"Hong Kong","claimedArea":{"d":"-","v":"-"},"group":{"d":"default","v":"default"}},{"sessions":"19","warnings":{"d":"0","v":"0"},"index":{"d":"3.83 (Very Active)","v":"3.833457045537852"},"registered":{"d":"Mar 10 2021, 11:33","v":"1615376009993"},"permissionGroups":{"d":"default","v":"default"},"seen":{"d":"Mar 19 2021, 22:14","v":"1616192071923"},"balance":{"d":"0","v":"0.0"},"name":"\u003ca class\u003d\"link\" href\u003d\"../player/therealjmcdb\"\u003etherealjmcdb\u003c/a\u003e","activePlaytime":{"d":"8h 48m 5s","v":"31685210"},"isMuted":{"d":"-","v":"-"},"primaryGroup":{"d":"default","v":"default"},"geolocation":"Malta","claimedArea":{"d":"-","v":"-"},"group":{"d":"default","v":"default"}},{"sessions":"4","warnings":{"d":"0","v":"0"},"index":{"d":"0.28 (Inactive)","v":"0.2796307250865757"},"registered":{"d":"Mar 17 2021, 15:23","v":"1615994638316"},"permissionGroups":{"d":"default","v":"default"},"seen":{"d":"Mar 19 2021, 19:52","v":"1616183539672"},"balance":{"d":"0","v":"0.0"},"name":"\u003ca class\u003d\"link\" href\u003d\"../player/Dino_Ree\"\u003eDino_Ree\u003c/a\u003e","activePlaytime":{"d":"3m 35s","v":"215587"},"isMuted":{"d":"-","v":"-"},"primaryGroup":{"d":"default","v":"default"},"geolocation":"Sweden","claimedArea":{"d":"-","v":"-"},"group":{"d":"default","v":"default"}},{"sessions":"10","warnings":{"d":"0","v":"0"},"index":{"d":"2.58 (Regular)","v":"2.577538162064721"},"registered":{"d":"Mar 8 2021, 18:57","v":"1615229873106"},"permissionGroups":{"d":"default","v":"default"},"seen":{"d":"Mar 19 2021, 15:31","v":"1616167890666"},"balance":{"d":"0","v":"0.0"},"name":"\u003ca class\u003d\"link\" href\u003d\"../player/ghadir\"\u003eghadir\u003c/a\u003e","activePlaytime":{"d":"2h 15m 15s","v":"8115845"},"isMuted":{"d":"-","v":"-"},"primaryGroup":{"d":"default","v":"default"},"geolocation":"Kuwait","claimedArea":{"d":"-","v":"-"},"group":{"d":"default","v":"default"}},{"sessions":"53","warnings":{"d":"0","v":"0"},"index":{"d":"3.2 (Active)","v":"3.1997120050349928"},"registered":{"d":"Mar 7 2021, 18:56","v":"1615143393440"},"permissionGroups":{"d":"builder, default","v":"builder, default"},"seen":{"d":"Mar 19 2021, 12:26","v":"1616156813792"},"balance":{"d":"64","v":"64.0"},"name":"\u003ca class\u003d\"link\" href\u003d\"../player/JoJo318\"\u003eJoJo318\u003c/a\u003e","activePlaytime":{"d":"1d 13h 57m 21s","v":"136641109"},"isMuted":{"d":"-","v":"-"},"primaryGroup":{"d":"builder","v":"builder"},"geolocation":"Moldova","claimedArea":{"d":"-","v":"-"},"group":{"d":"Helper, default","v":"Helper, default"}},{"sessions":"10","warnings":{"d":"0","v":"0"},"index":{"d":"1.49 (Irregular)","v":"1.4868471085618222"},"registered":{"d":"Mar 17 2021, 15:30","v":"1615995052513"},"permissionGroups":{"d":"default","v":"default"},"seen":{"d":"Mar 18 2021, 20:25","v":"1616099119741"},"balance":{"d":"0","v":"0.0"},"name":"\u003ca class\u003d\"link\" href\u003d\"../player/MasterCookie1234\"\u003eMasterCookie1234\u003c/a\u003e","activePlaytime":{"d":"2h 37m 55s","v":"9475061"},"isMuted":{"d":"-","v":"-"},"primaryGroup":{"d":"default","v":"default"},"geolocation":"United States","claimedArea":{"d":"-","v":"-"},"group":{"d":"default","v":"default"}},{"sessions":"91","warnings":{"d":"0","v":"0"},"index":{"d":"1.65 (Irregular)","v":"1.6510365153053508"},"registered":{"d":"Mar 13 2021, 07:24","v":"1615620270016"},"permissionGroups":{"d":"builder, default","v":"builder, default"},"seen":{"d":"Mar 18 2021, 15:35","v":"1616081702210"},"balance":{"d":"0","v":"0.0"},"name":"\u003ca class\u003d\"link\" href\u003d\"../player/Mighty_Python45\"\u003eMighty_Python45\u003c/a\u003e","activePlaytime":{"d":"1d 9h 37m 24s","v":"121044796"},"isMuted":{"d":"-","v":"-"},"primaryGroup":{"d":"builder","v":"builder"},"geolocation":"Malta","claimedArea":{"d":"-","v":"-"},"group":{"d":"Helper, default","v":"Helper, default"}},{"sessions":"15","warnings":{"d":"1","v":"1"},"index":{"d":"1.59 (Irregular)","v":"1.5889269541198114"},"registered":{"d":"Mar 16 2021, 16:37","v":"1615912650102"},"permissionGroups":{"d":"default","v":"default"},"seen":{"d":"Mar 18 2021, 09:23","v":"1616059408980"},"balance":{"d":"0","v":"0.0"},"name":"\u003ca class\u003d\"link\" href\u003d\"../player/rxnx19\"\u003erxnx19\u003c/a\u003e","activePlaytime":{"d":"6h 30m 21s","v":"23421442"},"isMuted":{"d":"-","v":"-"},"primaryGroup":{"d":"default","v":"default"},"geolocation":"Malta","claimedArea":{"d":"-","v":"-"},"group":{"d":"default","v":"default"}},{"sessions":"83","warnings":{"d":"0","v":"0"},"index":{"d":"3.17 (Active)","v":"3.1735789568121255"},"registered":{"d":"Mar 10 2021, 15:33","v":"1615390438741"},"permissionGroups":{"d":"default","v":"default"},"seen":{"d":"Mar 17 2021, 17:17","v":"1616001429210"},"balance":{"d":"0","v":"0.0"},"name":"\u003ca class\u003d\"link\" href\u003d\"../player/CzarShark\"\u003eCzarShark\u003c/a\u003e","activePlaytime":{"d":"21h 24m 30s","v":"77070658"},"isMuted":{"d":"-","v":"-"},"primaryGroup":{"d":"default","v":"default"},"geolocation":"Malta","claimedArea":{"d":"-","v":"-"},"group":{"d":"default","v":"default"}},{"sessions":"2","warnings":{"d":"0","v":"0"},"index":{"d":"1.25 (Irregular)","v":"1.2539079200271512"},"registered":{"d":"Mar 8 2021, 19:08","v":"1615230503350"},"permissionGroups":{"d":"default","v":"default"},"seen":{"d":"Mar 16 2021, 20:57","v":"1615928278654"},"balance":{"d":"0","v":"0.0"},"name":"\u003ca class\u003d\"link\" href\u003d\"../player/ayatahinata\"\u003eayatahinata\u003c/a\u003e","activePlaytime":{"d":"58m 1s","v":"3481144"},"isMuted":{"d":"-","v":"-"},"primaryGroup":{"d":"default","v":"default"},"geolocation":"Hungary","claimedArea":{"d":"-","v":"-"},"group":{"d":"default","v":"default"}},{"sessions":"10","warnings":{"d":"0","v":"0"},"index":{"d":"2.81 (Regular)","v":"2.810729157540327"},"registered":{"d":"Mar 8 2021, 19:47","v":"1615232857852"},"permissionGroups":{"d":"default","v":"default"},"seen":{"d":"Mar 16 2021, 20:40","v":"1615927203862"},"balance":{"d":"0","v":"0.0"},"name":"\u003ca class\u003d\"link\" href\u003d\"../player/GreenFireWitch\"\u003eGreenFireWitch\u003c/a\u003e","activePlaytime":{"d":"3h 28m 30s","v":"12510083"},"isMuted":{"d":"-","v":"-"},"primaryGroup":{"d":"default","v":"default"},"geolocation":"Iraq","claimedArea":{"d":"-","v":"-"},"group":{"d":"default","v":"default"}},{"sessions":"1","warnings":{"d":"0","v":"0"},"index":{"d":"0.41 (Inactive)","v":"0.4139274396057413"},"registered":{"d":"Mar 16 2021, 12:50","v":"1615899017257"},"permissionGroups":{"d":"default","v":"default"},"seen":{"d":"Mar 16 2021, 12:56","v":"1615899395977"},"balance":{"d":"0","v":"0.0"},"name":"\u003ca class\u003d\"link\" href\u003d\"../player/br4nc3\"\u003ebr4nc3\u003c/a\u003e","activePlaytime":{"d":"6m 18s","v":"378631"},"isMuted":{"d":"-","v":"-"},"primaryGroup":{"d":"default","v":"default"},"geolocation":"Lithuania","claimedArea":{"d":"-","v":"-"},"group":{"d":"default","v":"default"}},{"sessions":"11","warnings":{"d":"0","v":"0"},"index":{"d":"1.6 (Irregular)","v":"1.6030193910812773"},"registered":{"d":"Mar 12 2021, 22:32","v":"1615588338798"},"permissionGroups":{"d":"default","v":"default"},"seen":{"d":"Mar 14 2021, 22:15","v":"1615760130487"},"balance":{"d":"0","v":"0.0"},"name":"\u003ca class\u003d\"link\" href\u003d\"../player/DawnOpal24\"\u003eDawnOpal24\u003c/a\u003e","activePlaytime":{"d":"8h 1m 1s","v":"28861014"},"isMuted":{"d":"-","v":"-"},"primaryGroup":{"d":"default","v":"default"},"geolocation":"United States","claimedArea":{"d":"-","v":"-"},"group":{"d":"default","v":"default"}},{"sessions":"19","warnings":{"d":"0","v":"0"},"index":{"d":"2.73 (Regular)","v":"2.732217260656582"},"registered":{"d":"Mar 12 2021, 17:11","v":"1615569112434"},"permissionGroups":{"d":"default","v":"default"},"seen":{"d":"Mar 14 2021, 17:47","v":"1615744068316"},"balance":{"d":"0","v":"0.0"},"name":"\u003ca class\u003d\"link\" href\u003d\"../player/StarEnderNico\"\u003eStarEnderNico\u003c/a\u003e","activePlaytime":{"d":"6h 10m 49s","v":"22249054"},"isMuted":{"d":"-","v":"-"},"primaryGroup":{"d":"default","v":"default"},"geolocation":"Malta","claimedArea":{"d":"-","v":"-"},"group":{"d":"default","v":"default"}},{"sessions":"15","warnings":{"d":"0","v":"0"},"index":{"d":"1.52 (Irregular)","v":"1.5193977328338821"},"registered":{"d":"Mar 12 2021, 18:43","v":"1615574583687"},"permissionGroups":{"d":"default","v":"default"},"seen":{"d":"Mar 14 2021, 15:47","v":"1615736839119"},"balance":{"d":"0","v":"0.0"},"name":"\u003ca class\u003d\"link\" href\u003d\"../player/ndriuPls\"\u003endriuPls\u003c/a\u003e","activePlaytime":{"d":"3h 17m 2s","v":"11822599"},"isMuted":{"d":"-","v":"-"},"primaryGroup":{"d":"default","v":"default"},"geolocation":"Malta","claimedArea":{"d":"-","v":"-"},"group":{"d":"default","v":"default"}},{"sessions":"7","warnings":{"d":"0","v":"0"},"index":{"d":"1.52 (Irregular)","v":"1.5239696547849446"},"registered":{"d":"Mar 13 2021, 13:34","v":"1615642447615"},"permissionGroups":{"d":"default","v":"default"},"seen":{"d":"Mar 14 2021, 15:01","v":"1615734087604"},"balance":{"d":"0","v":"0.0"},"name":"\u003ca class\u003d\"link\" href\u003d\"../player/Frondigo\"\u003eFrondigo\u003c/a\u003e","activePlaytime":{"d":"3h 23m 58s","v":"12238102"},"isMuted":{"d":"-","v":"-"},"primaryGroup":{"d":"default","v":"default"},"geolocation":"Poland","claimedArea":{"d":"-","v":"-"},"group":{"d":"default","v":"default"}},{"sessions":"4","warnings":{"d":"0","v":"0"},"index":{"d":"1.13 (Irregular)","v":"1.125762361450724"},"registered":{"d":"Mar 13 2021, 20:33","v":"1615667620832"},"permissionGroups":{"d":"default","v":"default"},"seen":{"d":"Mar 13 2021, 21:13","v":"1615670016782"},"balance":{"d":"0","v":"0.0"},"name":"\u003ca class\u003d\"link\" href\u003d\"../player/Gr_en\"\u003eGr_en\u003c/a\u003e","activePlaytime":{"d":"39m 44s","v":"2384948"},"isMuted":{"d":"-","v":"-"},"primaryGroup":{"d":"default","v":"default"},"geolocation":"United Kingdom","claimedArea":{"d":"-","v":"-"},"group":{"d":"default","v":"default"}},{"sessions":"41","warnings":{"d":"1","v":"1"},"index":{"d":"3.19 (Active)","v":"3.1919687639336995"},"registered":{"d":"Mar 7 2021, 18:29","v":"1615141777533"},"permissionGroups":{"d":"default","v":"default"},"seen":{"d":"Mar 13 2021, 14:37","v":"1615646236458"},"balance":{"d":"0","v":"0.0"},"name":"\u003ca class\u003d\"link\" href\u003d\"../player/JerryTheHuman\"\u003eJerryTheHuman\u003c/a\u003e","activePlaytime":{"d":"14h 44m 43s","v":"53083018"},"isMuted":{"d":"-","v":"-"},"primaryGroup":{"d":"default","v":"default"},"geolocation":"Malta","claimedArea":{"d":"-","v":"-"},"group":{"d":"default","v":"default"}},{"sessions":"3","warnings":{"d":"0","v":"0"},"index":{"d":"1.08 (Irregular)","v":"1.0782134731753183"},"registered":{"d":"Mar 12 2021, 07:42","v":"1615534950621"},"permissionGroups":{"d":"default","v":"default"},"seen":{"d":"Mar 12 2021, 16:09","v":"1615565378814"},"balance":{"d":"0","v":"0.0"},"name":"\u003ca class\u003d\"link\" href\u003d\"../player/Bor_Ed\"\u003eBor_Ed\u003c/a\u003e","activePlaytime":{"d":"34m 59s","v":"2099643"},"isMuted":{"d":"-","v":"-"},"primaryGroup":{"d":"default","v":"default"},"geolocation":"United Kingdom","claimedArea":{"d":"-","v":"-"},"group":{"d":"default","v":"default"}},{"sessions":"17","warnings":{"d":"0","v":"0"},"index":{"d":"1.58 (Irregular)","v":"1.5760853529370773"},"registered":{"d":"Mar 7 2021, 16:43","v":"1615135398494"},"permissionGroups":{"d":"builder, default","v":"builder, default"},"seen":{"d":"Mar 12 2021, 15:01","v":"1615561307373"},"balance":{"d":"64","v":"64.0"},"name":"\u003ca class\u003d\"link\" href\u003d\"../player/Landersaki\"\u003eLandersaki\u003c/a\u003e","activePlaytime":{"d":"5h 32m 18s","v":"19938558"},"isMuted":{"d":"-","v":"-"},"primaryGroup":{"d":"builder","v":"builder"},"geolocation":"Malta","claimedArea":{"d":"-","v":"-"},"group":{"d":"Helper, default","v":"Helper, default"}},{"sessions":"8","warnings":{"d":"0","v":"0"},"index":{"d":"1.39 (Irregular)","v":"1.387286930710871"},"registered":{"d":"Mar 11 2021, 12:26","v":"1615465583942"},"permissionGroups":{"d":"default","v":"default"},"seen":{"d":"Mar 11 2021, 16:05","v":"1615478711710"},"balance":{"d":"0","v":"0.0"},"name":"\u003ca class\u003d\"link\" href\u003d\"../player/VeeInnit\"\u003eVeeInnit\u003c/a\u003e","activePlaytime":{"d":"1h 34m 50s","v":"5690154"},"isMuted":{"d":"-","v":"-"},"primaryGroup":{"d":"default","v":"default"},"geolocation":"United States","claimedArea":{"d":"-","v":"-"},"group":{"d":"default","v":"default"}},{"sessions":"1","warnings":{"d":"0","v":"0"},"index":{"d":"0.71 (Inactive)","v":"0.706062039481921"},"registered":{"d":"Mar 11 2021, 12:28","v":"1615465709843"},"permissionGroups":{"d":"default","v":"default"},"seen":{"d":"Mar 11 2021, 12:42","v":"1615466552328"},"balance":{"d":"0","v":"0.0"},"name":"\u003ca class\u003d\"link\" href\u003d\"../player/BorsiTheBear\"\u003eBorsiTheBear\u003c/a\u003e","activePlaytime":{"d":"14m 2s","v":"842269"},"isMuted":{"d":"-","v":"-"},"primaryGroup":{"d":"default","v":"default"},"geolocation":"-","claimedArea":{"d":"-","v":"-"},"group":{"d":"default","v":"default"}}],"columns":[{"data":"name","title":"\u003ci class\u003d\" fa fa-user\"\u003e\u003c/i\u003e Name"},{"data":{"display":"index.d","_":"index.v"},"title":"\u003ci class\u003d\" fa fa-check\"\u003e\u003c/i\u003e Activity Index"},{"data":{"display":"activePlaytime.d","_":"activePlaytime.v"},"title":"\u003ci class\u003d\" far fa-clock\"\u003e\u003c/i\u003e Active Playtime"},{"data":"sessions","title":"\u003ci class\u003d\" far fa-calendar-plus\"\u003e\u003c/i\u003e Sessions"},{"data":{"display":"registered.d","_":"registered.v"},"title":"\u003ci class\u003d\" fa fa-user-plus\"\u003e\u003c/i\u003e Registered"},{"data":{"display":"seen.d","_":"seen.v"},"title":"\u003ci class\u003d\" far fa-calendar-check\"\u003e\u003c/i\u003e Last Seen"},{"data":"geolocation","title":"\u003ci class\u003d\" fa fa-globe\"\u003e\u003c/i\u003e Country"},{"data":{"display":"balance.d","_":"balance.v"},"title":"\u003ci class\u003d\u0027 fa fa-money-bill-wave\u0027\u003e\u003c/i\u003e Balance"},{"data":{"display":"claimedArea.d","_":"claimedArea.v"},"title":"\u003ci class\u003d\u0027 far fa-map\u0027\u003e\u003c/i\u003e Claimed Area"},{"data":{"display":"group.d","_":"group.v"},"title":"\u003ci class\u003d\u0027 fa fa-users-cog\u0027\u003e\u003c/i\u003e Permission Groups"},{"data":{"display":"isMuted.d","_":"isMuted.v"},"title":"\u003ci class\u003d\u0027 fa fa-bell-slash\u0027\u003e\u003c/i\u003e Muted"},{"data":{"display":"permissionGroups.d","_":"permissionGroups.v"},"title":"\u003ci class\u003d\u0027 fa fa-users-cog\u0027\u003e\u003c/i\u003e Permission Group"},{"data":{"display":"primaryGroup.d","_":"primaryGroup.v"},"title":"\u003ci class\u003d\u0027 fa fa-users-cog\u0027\u003e\u003c/i\u003e Primary Group"},{"data":{"display":"warnings.d","_":"warnings.v"},"title":"\u003ci class\u003d\u0027 fa fa-flag\u0027\u003e\u003c/i\u003e Warnings"}]}