{"timestamp": 1616780663227,"timestamp_f":"Today, 17:44","insights":{"new_to_regular_trend":{"text":"5","direction":"+","reversed":false},"new_to_regular":26,"regular_to_inactive":0,"regular_to_inactive_trend":{"text":"0","reversed":true}},"trends":{"regular_players_trend":{"text":"26","direction":"+","reversed":false},"playtime_avg_now":"16h 8m 53s","regular_afk_avg_trend":{"text":"15.75%","direction":"+","reversed":true},"afk_then":"0%","regular_playtime_avg_then":"0s","afk_now":"15.58%","total_players_now":66,"regular_session_avg_now":"28m 32s","total_players_trend":{"text":"66","direction":"+","reversed":false},"afk_trend":{"text":"15.58%","direction":"+","reversed":true},"regular_session_avg_trend":{"text":"28m 32s","direction":"+","reversed":false},"regular_players_now":26,"playtime_avg_trend":{"text":"16h 8m 53s","direction":"+","reversed":false},"regular_session_avg_then":"0s","regular_players_then":0,"regular_playtime_avg_now":"1d 11h 18m 44s","regular_afk_avg_now":"15.75%","playtime_avg_then":"0s","regular_playtime_avg_trend":{"text":"1d 11h 18m 44s","direction":"+","reversed":false},"total_players_then":0,"regular_afk_avg_then":"0%"}}