{"timestamp": 1616780662321,"timestamp_f":"Today, 17:44","insights":{"weapon_3rd":"Iron Sword","weapon_2nd":"Netherite Axe","weapon_1st":"Netherite Sword"},"numbers":{"player_kdr_avg":"1.26","deaths_7d":279,"mob_deaths_7d":240,"mob_kills_total":40120,"player_kdr_avg_7d":"0.51","player_kills_7d":39,"player_kdr_avg_30d":"1.26","deaths_30d":1249,"deaths_total":1249,"player_kills_total":142,"mob_deaths_30d":1107,"mob_kdr_30d":"36.24","mob_kdr_7d":"90.52","player_kills_30d":142,"mob_deaths_total":1107,"mob_kills_7d":21725,"mob_kdr_total":"36.24","mob_kills_30d":40120}}