{"timestamp": 1616780663051,"timestamp_f":"Today, 17:44","last_7_days":{"new_players":21,"downtime":"54m 7s","new_players_retention":13,"average_tps":"19.99","unique_players_day":18,"unique_players":47,"low_tps_spikes":1,"new_players_retention_perc":"61.9%"},"weeks":{"unique_after":47,"sessions_after":766,"new_trend":{"text":"8","direction":"+","reversed":false},"average_playtime_before":"14h 33m 53s","regular_before":20,"deaths_trend":{"text":"413","direction":"-","reversed":true},"unique_trend":{"text":"10","direction":"+","reversed":false},"mob_kills_trend":{"text":"4970","direction":"+","reversed":false},"regular_trend":{"text":"6","direction":"+","reversed":false},"player_kills_before":84,"midpoint":"March 19","end":"Today 26","new_before":13,"new_after":21,"unique_before":37,"deaths_after":279,"player_kills_trend":{"text":"45","direction":"-","reversed":false},"average_playtime_after":"8h 40m 5s","regular_after":26,"start":"March 12","deaths_before":692,"sessions_trend":{"text":"494","direction":"-","reversed":false},"player_kills_after":39,"average_playtime_trend":{"text":"5h 53m 48s","direction":"-","reversed":false},"mob_kills_before":16755,"sessions_before":1260,"mob_kills_after":21725},"numbers":{"sessions":2287,"regular_players":26,"best_peak_players":"13","total_players":66,"playtime":"1 month, 14d 9h 47m 8s","last_peak_date":"Today, 15:44","online_players":3,"mob_kills":40120,"player_playtime":"16h 8m 53s","last_peak_players":"11","best_peak_date":"Mar 13 2021, 19:21","player_kills":142,"deaths":1249}}