{"timestamp": 1616780664764,"timestamp_f":"Today, 17:44","sessions":[{"server_name":"Server 1","start":"Today, 17:43 (Online)","length":"30s","gm_series":[{"data":[["SURVIVAL",30294],["SPECTATOR",0],["CREATIVE",0],["ADVENTURE",0]],"name":"Unnamed","id":"Unnamed"}],"player_uuid":"893be978-b66f-47bd-8fcb-bcbb2e299a20","most_used_world":"Unnamed (100%)","first_session":false,"mob_kills":0,"player_url_name":"therealjpcdb","afk_time":"0s","name":"therealjpcdb","player_kills":[],"end":"Today, 17:44","player_name":"therealjpcdb","world_series":[{"name":"Unnamed","y":30294,"color":"#0099C6","drilldown":"Unnamed"}],"server_url_name":"Server%201","server_uuid":"52b63f86-146c-4cf0-93c6-0c560d06d9d7","deaths":0},{"server_name":"Server 1","start":"Today, 17:43 (Online)","length":"36s","gm_series":[{"data":[["SURVIVAL",36527],["SPECTATOR",0],["CREATIVE",0],["ADVENTURE",0]],"name":"Unnamed","id":"Unnamed"}],"player_uuid":"60085cf1-89ca-44b6-b46d-8ae3bbaff34b","most_used_world":"Unnamed (100%)","first_session":false,"mob_kills":1,"player_url_name":"FrancescoMifsud","afk_time":"0s","name":"FrancescoMifsud","player_kills":[],"end":"Today, 17:44","player_name":"FrancescoMifsud","world_series":[{"name":"Unnamed","y":36527,"color":"#0099C6","drilldown":"Unnamed"}],"server_url_name":"Server%201","server_uuid":"52b63f86-146c-4cf0-93c6-0c560d06d9d7","deaths":0},{"server_name":"Server 1","start":"Today, 17:43 (Online)","length":"39s","gm_series":[{"data":[["SURVIVAL",0],["SPECTATOR",16747],["CREATIVE",22804],["ADVENTURE",0]],"name":"Unnamed","id":"Unnamed"}],"player_uuid":"ea3925a1-e282-49dd-8655-43035dcc692d","most_used_world":"Unnamed (100%)","first_session":false,"mob_kills":0,"player_url_name":"Cosmobutter","afk_time":"0s","name":"Cosmobutter","player_kills":[],"end":"Today, 17:44","player_name":"Cosmobutter","world_series":[{"name":"Unnamed","y":39551,"color":"#0099C6","drilldown":"Unnamed"}],"server_url_name":"Server%201","server_uuid":"52b63f86-146c-4cf0-93c6-0c560d06d9d7","deaths":0},{"server_name":"Plan","start":"Today, 17:11","length":"1m 7s","gm_series":[{"data":[["SURVIVAL",0],["SPECTATOR",0],["CREATIVE",0],["ADVENTURE",0]],"name":"Unnamed","id":"Unnamed"}],"player_uuid":"60085cf1-89ca-44b6-b46d-8ae3bbaff34b","most_used_world":"- (-0%)","first_session":false,"mob_kills":0,"player_url_name":"FrancescoMifsud","afk_time":"0s","name":"FrancescoMifsud","player_kills":[],"end":"Today, 17:13","player_name":"FrancescoMifsud","world_series":[],"server_url_name":"Plan","server_uuid":"52b63f86-146c-4cf0-93c6-0c560d06d9d7","deaths":0},{"server_name":"Plan","start":"Today, 16:42","length":"51m 19s","gm_series":[{"data":[["SURVIVAL",0],["SPECTATOR",1333968],["CREATIVE",1741743],["ADVENTURE",0]],"name":"Unnamed","id":"Unnamed"}],"player_uuid":"ea3925a1-e282-49dd-8655-43035dcc692d","most_used_world":"Unnamed (100%)","first_session":false,"mob_kills":1,"player_url_name":"Cosmobutter","afk_time":"0s","name":"Cosmobutter","player_kills":[],"end":"Today, 17:33","player_name":"Cosmobutter","world_series":[{"name":"Unnamed","y":3075711,"color":"#0099C6","drilldown":"Unnamed"}],"server_url_name":"Plan","server_uuid":"52b63f86-146c-4cf0-93c6-0c560d06d9d7","deaths":0},{"server_name":"Plan","start":"Today, 16:41","length":"30m 17s","gm_series":[{"data":[["SURVIVAL",1725803],["SPECTATOR",0],["CREATIVE",0],["ADVENTURE",0]],"name":"Unnamed","id":"Unnamed"}],"player_uuid":"60085cf1-89ca-44b6-b46d-8ae3bbaff34b","most_used_world":"Unnamed (100%)","first_session":false,"mob_kills":4,"player_url_name":"FrancescoMifsud","afk_time":"0s","name":"FrancescoMifsud","player_kills":[{"date":"Today, 17:10:20","weapon":"Netherite Axe","victim":"skinneh","killer":"FrancescoMifsud"},{"date":"Today, 17:00:36","weapon":"Netherite Axe","victim":"skinneh","killer":"FrancescoMifsud"}],"end":"Today, 17:11","player_name":"FrancescoMifsud","world_series":[{"name":"Unnamed","y":1725803,"color":"#0099C6","drilldown":"Unnamed"}],"server_url_name":"Plan","server_uuid":"52b63f86-146c-4cf0-93c6-0c560d06d9d7","deaths":0},{"server_name":"Plan","start":"Today, 16:41","length":"33m 15s","gm_series":[{"data":[["SURVIVAL",1990579],["SPECTATOR",0],["CREATIVE",0],["ADVENTURE",0]],"name":"Unnamed","id":"Unnamed"}],"player_uuid":"b642a4a1-0ba4-4064-8852-f500dc13bb2a","most_used_world":"Unnamed (100%)","first_session":true,"mob_kills":1,"player_url_name":"skinneh","afk_time":"0s","name":"skinneh","player_kills":[],"end":"Today, 17:14","player_name":"skinneh","world_series":[{"name":"Unnamed","y":1990579,"color":"#0099C6","drilldown":"Unnamed"}],"server_url_name":"Plan","server_uuid":"52b63f86-146c-4cf0-93c6-0c560d06d9d7","deaths":3},{"server_name":"Plan","start":"Today, 16:24","length":"18m 5s","gm_series":[{"data":[["SURVIVAL",0],["SPECTATOR",446693],["CREATIVE",512939],["ADVENTURE",0]],"name":"Unnamed","id":"Unnamed"}],"player_uuid":"ea3925a1-e282-49dd-8655-43035dcc692d","most_used_world":"Unnamed (100%)","first_session":false,"mob_kills":2,"player_url_name":"Cosmobutter","afk_time":"0s","name":"Cosmobutter","player_kills":[],"end":"Today, 16:42","player_name":"Cosmobutter","world_series":[{"name":"Unnamed","y":959632,"color":"#0099C6","drilldown":"Unnamed"}],"server_url_name":"Plan","server_uuid":"52b63f86-146c-4cf0-93c6-0c560d06d9d7","deaths":0},{"server_name":"Plan","start":"Today, 15:48","length":"1m 28s","gm_series":[{"data":[["SURVIVAL",0],["SPECTATOR",0],["CREATIVE",0],["ADVENTURE",0]],"name":"Unnamed","id":"Unnamed"}],"player_uuid":"1956701a-44b8-4ff9-baed-765c451f72ca","most_used_world":"- (-0%)","first_session":false,"mob_kills":0,"player_url_name":"DoggoTheBear","afk_time":"0s","name":"DoggoTheBear","player_kills":[],"end":"Today, 15:50","player_name":"DoggoTheBear","world_series":[],"server_url_name":"Plan","server_uuid":"52b63f86-146c-4cf0-93c6-0c560d06d9d7","deaths":0},{"server_name":"Plan","start":"Today, 15:44","length":"1h 30m 58s","gm_series":[{"data":[["SURVIVAL",3306396],["SPECTATOR",0],["CREATIVE",0],["ADVENTURE",0]],"name":"Unnamed","id":"Unnamed"}],"player_uuid":"2dabff35-d1ce-4b78-8c09-b527b039b52a","most_used_world":"Unnamed (100%)","first_session":false,"mob_kills":3,"player_url_name":"QassataLoL","afk_time":"0s","name":"QassataLoL","player_kills":[],"end":"Today, 17:15","player_name":"QassataLoL","world_series":[{"name":"Unnamed","y":3306396,"color":"#0099C6","drilldown":"Unnamed"}],"server_url_name":"Plan","server_uuid":"52b63f86-146c-4cf0-93c6-0c560d06d9d7","deaths":5},{"server_name":"Plan","start":"Today, 15:40","length":"42m 4s","gm_series":[{"data":[["SURVIVAL",0],["SPECTATOR",752969],["CREATIVE",1737906],["ADVENTURE",4494]],"name":"Unnamed","id":"Unnamed"}],"player_uuid":"ea3925a1-e282-49dd-8655-43035dcc692d","most_used_world":"Unnamed (100%)","first_session":false,"mob_kills":0,"player_url_name":"Cosmobutter","afk_time":"0s","name":"Cosmobutter","player_kills":[],"end":"Today, 16:22","player_name":"Cosmobutter","world_series":[{"name":"Unnamed","y":2495369,"color":"#0099C6","drilldown":"Unnamed"}],"server_url_name":"Plan","server_uuid":"52b63f86-146c-4cf0-93c6-0c560d06d9d7","deaths":0},{"server_name":"Plan","start":"Today, 15:39","length":"5m 55s","gm_series":[{"data":[["SURVIVAL",61764],["SPECTATOR",0],["CREATIVE",0],["ADVENTURE",0]],"name":"Unnamed","id":"Unnamed"}],"player_uuid":"8e5cc639-2c84-4b12-845a-cae378e7b3c7","most_used_world":"Unnamed (100%)","first_session":false,"mob_kills":0,"player_url_name":"StepSmiley","afk_time":"0s","name":"StepSmiley","player_kills":[],"end":"Today, 15:44","player_name":"StepSmiley","world_series":[{"name":"Unnamed","y":61764,"color":"#0099C6","drilldown":"Unnamed"}],"server_url_name":"Plan","server_uuid":"52b63f86-146c-4cf0-93c6-0c560d06d9d7","deaths":1},{"server_name":"Plan","start":"Today, 15:36","length":"9m 49s","gm_series":[{"data":[["SURVIVAL",6162],["SPECTATOR",0],["CREATIVE",0],["ADVENTURE",0]],"name":"Unnamed","id":"Unnamed"}],"player_uuid":"1956701a-44b8-4ff9-baed-765c451f72ca","most_used_world":"Unnamed (100%)","first_session":false,"mob_kills":1,"player_url_name":"DoggoTheBear","afk_time":"0s","name":"DoggoTheBear","player_kills":[],"end":"Today, 15:46","player_name":"DoggoTheBear","world_series":[{"name":"Unnamed","y":6162,"color":"#0099C6","drilldown":"Unnamed"}],"server_url_name":"Plan","server_uuid":"52b63f86-146c-4cf0-93c6-0c560d06d9d7","deaths":0},{"server_name":"Plan","start":"Today, 15:33","length":"34m 44s","gm_series":[{"data":[["SURVIVAL",1987777],["SPECTATOR",0],["CREATIVE",0],["ADVENTURE",0]],"name":"Unnamed","id":"Unnamed"}],"player_uuid":"60085cf1-89ca-44b6-b46d-8ae3bbaff34b","most_used_world":"Unnamed (100%)","first_session":false,"mob_kills":2,"player_url_name":"FrancescoMifsud","afk_time":"8m 13s","name":"FrancescoMifsud","player_kills":[],"end":"Today, 16:08","player_name":"FrancescoMifsud","world_series":[{"name":"Unnamed","y":1987777,"color":"#0099C6","drilldown":"Unnamed"}],"server_url_name":"Plan","server_uuid":"52b63f86-146c-4cf0-93c6-0c560d06d9d7","deaths":0},{"server_name":"Plan","start":"Today, 15:33","length":"12m 21s","gm_series":[{"data":[["SURVIVAL",97901],["SPECTATOR",0],["CREATIVE",0],["ADVENTURE",0]],"name":"Unnamed","id":"Unnamed"}],"player_uuid":"6ee5e628-2dbe-4176-900e-c0088110e796","most_used_world":"Unnamed (100%)","first_session":false,"mob_kills":0,"player_url_name":"LiquidTheBear","afk_time":"0s","name":"LiquidTheBear","player_kills":[],"end":"Today, 15:46","player_name":"LiquidTheBear","world_series":[{"name":"Unnamed","y":97901,"color":"#0099C6","drilldown":"Unnamed"}],"server_url_name":"Plan","server_uuid":"52b63f86-146c-4cf0-93c6-0c560d06d9d7","deaths":1},{"server_name":"Plan","start":"Today, 15:14","length":"11m 51s","gm_series":[{"data":[["SURVIVAL",711696],["SPECTATOR",0],["CREATIVE",0],["ADVENTURE",0]],"name":"Unnamed","id":"Unnamed"}],"player_uuid":"60085cf1-89ca-44b6-b46d-8ae3bbaff34b","most_used_world":"Unnamed (100%)","first_session":false,"mob_kills":0,"player_url_name":"FrancescoMifsud","afk_time":"3m 6s","name":"FrancescoMifsud","player_kills":[],"end":"Today, 15:26","player_name":"FrancescoMifsud","world_series":[{"name":"Unnamed","y":711696,"color":"#0099C6","drilldown":"Unnamed"}],"server_url_name":"Plan","server_uuid":"52b63f86-146c-4cf0-93c6-0c560d06d9d7","deaths":0},{"server_name":"Plan","start":"Today, 14:46","length":"52m 22s","gm_series":[{"data":[["SURVIVAL",6045],["SPECTATOR",1195636],["CREATIVE",1885100],["ADVENTURE",0]],"name":"Unnamed","id":"Unnamed"}],"player_uuid":"ea3925a1-e282-49dd-8655-43035dcc692d","most_used_world":"Unnamed (100%)","first_session":false,"mob_kills":0,"player_url_name":"Cosmobutter","afk_time":"6m 47s","name":"Cosmobutter","player_kills":[],"end":"Today, 15:38","player_name":"Cosmobutter","world_series":[{"name":"Unnamed","y":3086781,"color":"#0099C6","drilldown":"Unnamed"}],"server_url_name":"Plan","server_uuid":"52b63f86-146c-4cf0-93c6-0c560d06d9d7","deaths":0},{"server_name":"Plan","start":"Today, 14:44","length":"1h 27m 54s","gm_series":[{"data":[["SURVIVAL",2887164],["SPECTATOR",0],["CREATIVE",0],["ADVENTURE",0]],"name":"Unnamed","id":"Unnamed"},{"data":[["SURVIVAL",2314475],["SPECTATOR",0],["CREATIVE",0],["ADVENTURE",0]],"name":"Unnamed_nether","id":"Unnamed_nether"}],"player_uuid":"629bf582-283a-4d31-9c9c-55e10da3bc5a","most_used_world":"Unnamed (55.5%)","first_session":false,"mob_kills":46,"player_url_name":"Case_1112","afk_time":"0s","name":"Case_1112","player_kills":[],"end":"Today, 16:12","player_name":"Case_1112","world_series":[{"name":"Unnamed","y":2887164,"color":"#0099C6","drilldown":"Unnamed"},{"name":"Unnamed_nether","y":2314475,"color":"#66AA00","drilldown":"Unnamed_nether"}],"server_url_name":"Plan","server_uuid":"52b63f86-146c-4cf0-93c6-0c560d06d9d7","deaths":0},{"server_name":"Plan","start":"Today, 14:30","length":"13m 11s","gm_series":[{"data":[["SURVIVAL",557425],["SPECTATOR",0],["CREATIVE",0],["ADVENTURE",0]],"name":"Unnamed","id":"Unnamed"}],"player_uuid":"07427a39-991f-4440-bb29-e0ce72da2b98","most_used_world":"Unnamed (100%)","first_session":false,"mob_kills":1,"player_url_name":"namrahnad","afk_time":"0s","name":"namrahnad","player_kills":[],"end":"Today, 14:43","player_name":"namrahnad","world_series":[{"name":"Unnamed","y":557425,"color":"#0099C6","drilldown":"Unnamed"}],"server_url_name":"Plan","server_uuid":"52b63f86-146c-4cf0-93c6-0c560d06d9d7","deaths":0},{"server_name":"Plan","start":"Today, 14:21","length":"21m 28s","gm_series":[{"data":[["SURVIVAL",214438],["SPECTATOR",0],["CREATIVE",0],["ADVENTURE",0]],"name":"Unnamed","id":"Unnamed"}],"player_uuid":"60085cf1-89ca-44b6-b46d-8ae3bbaff34b","most_used_world":"Unnamed (100%)","first_session":false,"mob_kills":4,"player_url_name":"FrancescoMifsud","afk_time":"0s","name":"FrancescoMifsud","player_kills":[],"end":"Today, 14:43","player_name":"FrancescoMifsud","world_series":[{"name":"Unnamed","y":214438,"color":"#0099C6","drilldown":"Unnamed"}],"server_url_name":"Plan","server_uuid":"52b63f86-146c-4cf0-93c6-0c560d06d9d7","deaths":0},{"server_name":"Plan","start":"Today, 14:21","length":"7m 48s","gm_series":[{"data":[["SURVIVAL",459257],["SPECTATOR",0],["CREATIVE",0],["ADVENTURE",0]],"name":"Unnamed","id":"Unnamed"}],"player_uuid":"07427a39-991f-4440-bb29-e0ce72da2b98","most_used_world":"Unnamed (100%)","first_session":false,"mob_kills":1,"player_url_name":"namrahnad","afk_time":"0s","name":"namrahnad","player_kills":[],"end":"Today, 14:29","player_name":"namrahnad","world_series":[{"name":"Unnamed","y":459257,"color":"#0099C6","drilldown":"Unnamed"}],"server_url_name":"Plan","server_uuid":"52b63f86-146c-4cf0-93c6-0c560d06d9d7","deaths":0},{"server_name":"Plan","start":"Today, 12:48","length":"8m 57s","gm_series":[{"data":[["SURVIVAL",0],["SPECTATOR",0],["CREATIVE",522032],["ADVENTURE",0]],"name":"Unnamed","id":"Unnamed"}],"player_uuid":"ea3925a1-e282-49dd-8655-43035dcc692d","most_used_world":"Unnamed (100%)","first_session":false,"mob_kills":0,"player_url_name":"Cosmobutter","afk_time":"0s","name":"Cosmobutter","player_kills":[],"end":"Today, 12:57","player_name":"Cosmobutter","world_series":[{"name":"Unnamed","y":522032,"color":"#0099C6","drilldown":"Unnamed"}],"server_url_name":"Plan","server_uuid":"52b63f86-146c-4cf0-93c6-0c560d06d9d7","deaths":0},{"server_name":"Plan","start":"Today, 12:37","length":"40m 35s","gm_series":[{"data":[["SURVIVAL",1190632],["SPECTATOR",0],["CREATIVE",0],["ADVENTURE",0]],"name":"Unnamed","id":"Unnamed"},{"data":[["SURVIVAL",1216567],["SPECTATOR",0],["CREATIVE",0],["ADVENTURE",0]],"name":"Unnamed_nether","id":"Unnamed_nether"}],"player_uuid":"629bf582-283a-4d31-9c9c-55e10da3bc5a","most_used_world":"Unnamed_nether (50.54%)","first_session":false,"mob_kills":21,"player_url_name":"Case_1112","afk_time":"0s","name":"Case_1112","player_kills":[],"end":"Today, 13:18","player_name":"Case_1112","world_series":[{"name":"Unnamed","y":1190632,"color":"#0099C6","drilldown":"Unnamed"},{"name":"Unnamed_nether","y":1216567,"color":"#66AA00","drilldown":"Unnamed_nether"}],"server_url_name":"Plan","server_uuid":"52b63f86-146c-4cf0-93c6-0c560d06d9d7","deaths":1},{"server_name":"Plan","start":"Today, 12:36","length":"1m 26s","gm_series":[{"data":[["SURVIVAL",86596],["SPECTATOR",0],["CREATIVE",0],["ADVENTURE",0]],"name":"Unnamed","id":"Unnamed"}],"player_uuid":"629bf582-283a-4d31-9c9c-55e10da3bc5a","most_used_world":"Unnamed (100%)","first_session":false,"mob_kills":0,"player_url_name":"Case_1112","afk_time":"0s","name":"Case_1112","player_kills":[],"end":"Today, 12:37","player_name":"Case_1112","world_series":[{"name":"Unnamed","y":86596,"color":"#0099C6","drilldown":"Unnamed"}],"server_url_name":"Plan","server_uuid":"52b63f86-146c-4cf0-93c6-0c560d06d9d7","deaths":1},{"server_name":"Plan","start":"Today, 12:34","length":"1m 58s","gm_series":[{"data":[["SURVIVAL",0],["SPECTATOR",0],["CREATIVE",0],["ADVENTURE",0]],"name":"Unnamed","id":"Unnamed"}],"player_uuid":"629bf582-283a-4d31-9c9c-55e10da3bc5a","most_used_world":"- (-0%)","first_session":false,"mob_kills":0,"player_url_name":"Case_1112","afk_time":"0s","name":"Case_1112","player_kills":[],"end":"Today, 12:36","player_name":"Case_1112","world_series":[],"server_url_name":"Plan","server_uuid":"52b63f86-146c-4cf0-93c6-0c560d06d9d7","deaths":0},{"server_name":"Plan","start":"Today, 12:12","length":"21m 48s","gm_series":[{"data":[["SURVIVAL",472111],["SPECTATOR",0],["CREATIVE",0],["ADVENTURE",0]],"name":"Unnamed","id":"Unnamed"}],"player_uuid":"629bf582-283a-4d31-9c9c-55e10da3bc5a","most_used_world":"Unnamed (100%)","first_session":false,"mob_kills":8,"player_url_name":"Case_1112","afk_time":"0s","name":"Case_1112","player_kills":[],"end":"Today, 12:34","player_name":"Case_1112","world_series":[{"name":"Unnamed","y":472111,"color":"#0099C6","drilldown":"Unnamed"}],"server_url_name":"Plan","server_uuid":"52b63f86-146c-4cf0-93c6-0c560d06d9d7","deaths":0},{"server_name":"Plan","start":"Today, 11:43","length":"9m 51s","gm_series":[{"data":[["SURVIVAL",0],["SPECTATOR",87706],["CREATIVE",381705],["ADVENTURE",0]],"name":"Unnamed","id":"Unnamed"}],"player_uuid":"ea3925a1-e282-49dd-8655-43035dcc692d","most_used_world":"Unnamed (100%)","first_session":false,"mob_kills":0,"player_url_name":"Cosmobutter","afk_time":"0s","name":"Cosmobutter","player_kills":[],"end":"Today, 11:53","player_name":"Cosmobutter","world_series":[{"name":"Unnamed","y":469411,"color":"#0099C6","drilldown":"Unnamed"}],"server_url_name":"Plan","server_uuid":"52b63f86-146c-4cf0-93c6-0c560d06d9d7","deaths":0},{"server_name":"Plan","start":"Today, 11:31","length":"45m 27s","gm_series":[{"data":[["SURVIVAL",1999000],["SPECTATOR",0],["CREATIVE",0],["ADVENTURE",0]],"name":"Unnamed","id":"Unnamed"}],"player_uuid":"4c7e44ce-971c-4c01-a250-3f00928759be","most_used_world":"Unnamed (100%)","first_session":false,"mob_kills":1,"player_url_name":"DeNighty","afk_time":"3m 47s","name":"DeNighty","player_kills":[],"end":"Today, 12:16","player_name":"DeNighty","world_series":[{"name":"Unnamed","y":1999000,"color":"#0099C6","drilldown":"Unnamed"}],"server_url_name":"Plan","server_uuid":"52b63f86-146c-4cf0-93c6-0c560d06d9d7","deaths":0},{"server_name":"Plan","start":"Today, 11:29","length":"7m 10s","gm_series":[{"data":[["SURVIVAL",0],["SPECTATOR",430739],["CREATIVE",0],["ADVENTURE",0]],"name":"Unnamed","id":"Unnamed"}],"player_uuid":"ea3925a1-e282-49dd-8655-43035dcc692d","most_used_world":"Unnamed (100%)","first_session":false,"mob_kills":0,"player_url_name":"Cosmobutter","afk_time":"7m 8s","name":"Cosmobutter","player_kills":[],"end":"Today, 11:36","player_name":"Cosmobutter","world_series":[{"name":"Unnamed","y":430739,"color":"#0099C6","drilldown":"Unnamed"}],"server_url_name":"Plan","server_uuid":"52b63f86-146c-4cf0-93c6-0c560d06d9d7","deaths":0},{"server_name":"Plan","start":"Today, 10:52","length":"1m 34s","gm_series":[{"data":[["SURVIVAL",0],["SPECTATOR",0],["CREATIVE",71711],["ADVENTURE",0]],"name":"Unnamed","id":"Unnamed"}],"player_uuid":"ea3925a1-e282-49dd-8655-43035dcc692d","most_used_world":"Unnamed (100%)","first_session":false,"mob_kills":0,"player_url_name":"Cosmobutter","afk_time":"0s","name":"Cosmobutter","player_kills":[],"end":"Today, 10:54","player_name":"Cosmobutter","world_series":[{"name":"Unnamed","y":71711,"color":"#0099C6","drilldown":"Unnamed"}],"server_url_name":"Plan","server_uuid":"52b63f86-146c-4cf0-93c6-0c560d06d9d7","deaths":0},{"server_name":"Plan","start":"Today, 10:51","length":"3s","gm_series":[{"data":[["SURVIVAL",0],["SPECTATOR",0],["CREATIVE",0],["ADVENTURE",0]],"name":"Unnamed","id":"Unnamed"}],"player_uuid":"ea3925a1-e282-49dd-8655-43035dcc692d","most_used_world":"- (-0%)","first_session":false,"mob_kills":0,"player_url_name":"Cosmobutter","afk_time":"0s","name":"Cosmobutter","player_kills":[],"end":"Today, 10:51","player_name":"Cosmobutter","world_series":[],"server_url_name":"Plan","server_uuid":"52b63f86-146c-4cf0-93c6-0c560d06d9d7","deaths":0},{"server_name":"Plan","start":"Today, 10:50","length":"1m 24s","gm_series":[{"data":[["SURVIVAL",0],["SPECTATOR",0],["CREATIVE",0],["ADVENTURE",0]],"name":"Unnamed","id":"Unnamed"}],"player_uuid":"ea3925a1-e282-49dd-8655-43035dcc692d","most_used_world":"- (-0%)","first_session":false,"mob_kills":0,"player_url_name":"Cosmobutter","afk_time":"0s","name":"Cosmobutter","player_kills":[],"end":"Today, 10:51","player_name":"Cosmobutter","world_series":[],"server_url_name":"Plan","server_uuid":"52b63f86-146c-4cf0-93c6-0c560d06d9d7","deaths":0},{"server_name":"Plan","start":"Today, 10:49","length":"51s","gm_series":[{"data":[["SURVIVAL",0],["SPECTATOR",30273],["CREATIVE",0],["ADVENTURE",0]],"name":"Unnamed","id":"Unnamed"}],"player_uuid":"ea3925a1-e282-49dd-8655-43035dcc692d","most_used_world":"Unnamed (100%)","first_session":false,"mob_kills":0,"player_url_name":"Cosmobutter","afk_time":"0s","name":"Cosmobutter","player_kills":[],"end":"Today, 10:50","player_name":"Cosmobutter","world_series":[{"name":"Unnamed","y":30273,"color":"#0099C6","drilldown":"Unnamed"}],"server_url_name":"Plan","server_uuid":"52b63f86-146c-4cf0-93c6-0c560d06d9d7","deaths":0},{"server_name":"Plan","start":"Today, 09:54","length":"5m 17s","gm_series":[{"data":[["SURVIVAL",0],["SPECTATOR",0],["CREATIVE",0],["ADVENTURE",0]],"name":"Unnamed_the_end","id":"Unnamed_the_end"},{"data":[["SURVIVAL",209536],["SPECTATOR",0],["CREATIVE",0],["ADVENTURE",0]],"name":"Unnamed","id":"Unnamed"}],"player_uuid":"893be978-b66f-47bd-8fcb-bcbb2e299a20","most_used_world":"Unnamed (100%)","first_session":false,"mob_kills":0,"player_url_name":"therealjpcdb","afk_time":"0s","name":"therealjpcdb","player_kills":[{"date":"Today, 09:56:45","weapon":"Ender_pearl","victim":"therealjpcdb","killer":"therealjpcdb"}],"end":"Today, 09:59","player_name":"therealjpcdb","world_series":[{"name":"Unnamed","y":209536,"color":"#0099C6","drilldown":"Unnamed"}],"server_url_name":"Plan","server_uuid":"52b63f86-146c-4cf0-93c6-0c560d06d9d7","deaths":1},{"server_name":"Plan","start":"Today, 09:47","length":"14m 27s","gm_series":[{"data":[["SURVIVAL",588075],["SPECTATOR",0],["CREATIVE",0],["ADVENTURE",0]],"name":"Unnamed","id":"Unnamed"}],"player_uuid":"1826428e-b92d-497f-9161-597c70b92c48","most_used_world":"Unnamed (100%)","first_session":false,"mob_kills":1,"player_url_name":"Jonas1998DK","afk_time":"0s","name":"Jonas1998DK","player_kills":[],"end":"Today, 10:02","player_name":"Jonas1998DK","world_series":[{"name":"Unnamed","y":588075,"color":"#0099C6","drilldown":"Unnamed"}],"server_url_name":"Plan","server_uuid":"52b63f86-146c-4cf0-93c6-0c560d06d9d7","deaths":0},{"server_name":"Plan","start":"Today, 09:20","length":"13m 59s","gm_series":[{"data":[["SURVIVAL",0],["SPECTATOR",169148],["CREATIVE",574146],["ADVENTURE",0]],"name":"Unnamed","id":"Unnamed"}],"player_uuid":"ea3925a1-e282-49dd-8655-43035dcc692d","most_used_world":"Unnamed (100%)","first_session":false,"mob_kills":0,"player_url_name":"Cosmobutter","afk_time":"0s","name":"Cosmobutter","player_kills":[],"end":"Today, 09:34","player_name":"Cosmobutter","world_series":[{"name":"Unnamed","y":743294,"color":"#0099C6","drilldown":"Unnamed"}],"server_url_name":"Plan","server_uuid":"52b63f86-146c-4cf0-93c6-0c560d06d9d7","deaths":0},{"server_name":"Plan","start":"Today, 09:18","length":"2s","gm_series":[{"data":[["SURVIVAL",0],["SPECTATOR",0],["CREATIVE",0],["ADVENTURE",0]],"name":"Unnamed","id":"Unnamed"}],"player_uuid":"8e5cc639-2c84-4b12-845a-cae378e7b3c7","most_used_world":"- (-0%)","first_session":false,"mob_kills":0,"player_url_name":"StepSmiley","afk_time":"0s","name":"StepSmiley","player_kills":[],"end":"Today, 09:18","player_name":"StepSmiley","world_series":[],"server_url_name":"Plan","server_uuid":"52b63f86-146c-4cf0-93c6-0c560d06d9d7","deaths":0},{"server_name":"Plan","start":"Today, 09:15","length":"11m 44s","gm_series":[{"data":[["SURVIVAL",704638],["SPECTATOR",0],["CREATIVE",0],["ADVENTURE",0]],"name":"Unnamed","id":"Unnamed"}],"player_uuid":"1826428e-b92d-497f-9161-597c70b92c48","most_used_world":"Unnamed (100%)","first_session":false,"mob_kills":0,"player_url_name":"Jonas1998DK","afk_time":"7m 22s","name":"Jonas1998DK","player_kills":[],"end":"Today, 09:27","player_name":"Jonas1998DK","world_series":[{"name":"Unnamed","y":704638,"color":"#0099C6","drilldown":"Unnamed"}],"server_url_name":"Plan","server_uuid":"52b63f86-146c-4cf0-93c6-0c560d06d9d7","deaths":0},{"server_name":"Plan","start":"Today, 09:05","length":"8m 36s","gm_series":[{"data":[["SURVIVAL",510566],["SPECTATOR",0],["CREATIVE",0],["ADVENTURE",0]],"name":"Unnamed","id":"Unnamed"}],"player_uuid":"1826428e-b92d-497f-9161-597c70b92c48","most_used_world":"Unnamed (100%)","first_session":false,"mob_kills":3,"player_url_name":"Jonas1998DK","afk_time":"0s","name":"Jonas1998DK","player_kills":[{"date":"Today, 09:11:29","weapon":"Trident","victim":"Ni4ll","killer":"Jonas1998DK"}],"end":"Today, 09:13","player_name":"Jonas1998DK","world_series":[{"name":"Unnamed","y":510566,"color":"#0099C6","drilldown":"Unnamed"}],"server_url_name":"Plan","server_uuid":"52b63f86-146c-4cf0-93c6-0c560d06d9d7","deaths":0},{"server_name":"Plan","start":"Today, 09:04","length":"8m 28s","gm_series":[{"data":[["SURVIVAL",432291],["SPECTATOR",0],["CREATIVE",0],["ADVENTURE",0]],"name":"Unnamed","id":"Unnamed"}],"player_uuid":"73b89ee7-a0f2-4dee-99d4-898f81fe4875","most_used_world":"Unnamed (100%)","first_session":false,"mob_kills":0,"player_url_name":"Ni4ll","afk_time":"0s","name":"Ni4ll","player_kills":[],"end":"Today, 09:12","player_name":"Ni4ll","world_series":[{"name":"Unnamed","y":432291,"color":"#0099C6","drilldown":"Unnamed"}],"server_url_name":"Plan","server_uuid":"52b63f86-146c-4cf0-93c6-0c560d06d9d7","deaths":3},{"server_name":"Plan","start":"Today, 08:58","length":"6m 21s","gm_series":[{"data":[["SURVIVAL",358458],["SPECTATOR",0],["CREATIVE",0],["ADVENTURE",0]],"name":"Unnamed","id":"Unnamed"}],"player_uuid":"1826428e-b92d-497f-9161-597c70b92c48","most_used_world":"Unnamed (100%)","first_session":false,"mob_kills":1,"player_url_name":"Jonas1998DK","afk_time":"0s","name":"Jonas1998DK","player_kills":[],"end":"Today, 09:05","player_name":"Jonas1998DK","world_series":[{"name":"Unnamed","y":358458,"color":"#0099C6","drilldown":"Unnamed"}],"server_url_name":"Plan","server_uuid":"52b63f86-146c-4cf0-93c6-0c560d06d9d7","deaths":0},{"server_name":"Plan","start":"Today, 08:56","length":"2m 12s","gm_series":[{"data":[["SURVIVAL",0],["SPECTATOR",0],["CREATIVE",0],["ADVENTURE",0]],"name":"Unnamed","id":"Unnamed"}],"player_uuid":"1826428e-b92d-497f-9161-597c70b92c48","most_used_world":"- (-0%)","first_session":false,"mob_kills":0,"player_url_name":"Jonas1998DK","afk_time":"0s","name":"Jonas1998DK","player_kills":[],"end":"Today, 08:58","player_name":"Jonas1998DK","world_series":[],"server_url_name":"Plan","server_uuid":"52b63f86-146c-4cf0-93c6-0c560d06d9d7","deaths":0},{"server_name":"Plan","start":"Today, 08:49","length":"5m 9s","gm_series":[{"data":[["SURVIVAL",281990],["SPECTATOR",0],["CREATIVE",0],["ADVENTURE",0]],"name":"Unnamed","id":"Unnamed"}],"player_uuid":"1826428e-b92d-497f-9161-597c70b92c48","most_used_world":"Unnamed (100%)","first_session":false,"mob_kills":4,"player_url_name":"Jonas1998DK","afk_time":"0s","name":"Jonas1998DK","player_kills":[],"end":"Today, 08:54","player_name":"Jonas1998DK","world_series":[{"name":"Unnamed","y":281990,"color":"#0099C6","drilldown":"Unnamed"}],"server_url_name":"Plan","server_uuid":"52b63f86-146c-4cf0-93c6-0c560d06d9d7","deaths":0},{"server_name":"Plan","start":"Today, 08:13","length":"1m 44s","gm_series":[{"data":[["SURVIVAL",0],["SPECTATOR",0],["CREATIVE",0],["ADVENTURE",0]],"name":"Unnamed","id":"Unnamed"}],"player_uuid":"73b89ee7-a0f2-4dee-99d4-898f81fe4875","most_used_world":"- (-0%)","first_session":false,"mob_kills":0,"player_url_name":"Ni4ll","afk_time":"0s","name":"Ni4ll","player_kills":[],"end":"Today, 08:15","player_name":"Ni4ll","world_series":[],"server_url_name":"Plan","server_uuid":"52b63f86-146c-4cf0-93c6-0c560d06d9d7","deaths":0},{"server_name":"Plan","start":"Today, 07:48","length":"16m 56s","gm_series":[{"data":[["SURVIVAL",64319],["SPECTATOR",0],["CREATIVE",0],["ADVENTURE",0]],"name":"Unnamed_the_end","id":"Unnamed_the_end"},{"data":[["SURVIVAL",951171],["SPECTATOR",0],["CREATIVE",0],["ADVENTURE",0]],"name":"Unnamed","id":"Unnamed"}],"player_uuid":"b443542a-7cad-44bb-a29e-85db1e94e604","most_used_world":"Unnamed (93.67%)","first_session":false,"mob_kills":28,"player_url_name":"FoxyTriples","afk_time":"5m 30s","name":"FoxyTriples","player_kills":[],"end":"Today, 08:04","player_name":"FoxyTriples","world_series":[{"name":"Unnamed","y":951171,"color":"#0099C6","drilldown":"Unnamed"},{"name":"Unnamed_the_end","y":64319,"color":"#66AA00","drilldown":"Unnamed_the_end"}],"server_url_name":"Plan","server_uuid":"52b63f86-146c-4cf0-93c6-0c560d06d9d7","deaths":0},{"server_name":"Plan","start":"Today, 06:51","length":"1h 15m 24s","gm_series":[{"data":[["SURVIVAL",10369],["SPECTATOR",792893],["CREATIVE",3620035],["ADVENTURE",9991]],"name":"Unnamed","id":"Unnamed"}],"player_uuid":"ea3925a1-e282-49dd-8655-43035dcc692d","most_used_world":"Unnamed (100%)","first_session":false,"mob_kills":1,"player_url_name":"Cosmobutter","afk_time":"0s","name":"Cosmobutter","player_kills":[],"end":"Today, 08:06","player_name":"Cosmobutter","world_series":[{"name":"Unnamed","y":4433288,"color":"#0099C6","drilldown":"Unnamed"}],"server_url_name":"Plan","server_uuid":"52b63f86-146c-4cf0-93c6-0c560d06d9d7","deaths":0},{"server_name":"Plan","start":"Today, 06:33","length":"2h 9m 22s","gm_series":[{"data":[["SURVIVAL",7417070],["SPECTATOR",0],["CREATIVE",0],["ADVENTURE",0]],"name":"Unnamed","id":"Unnamed"}],"player_uuid":"1826428e-b92d-497f-9161-597c70b92c48","most_used_world":"Unnamed (100%)","first_session":false,"mob_kills":16,"player_url_name":"Jonas1998DK","afk_time":"34m 6s","name":"Jonas1998DK","player_kills":[],"end":"Today, 08:42","player_name":"Jonas1998DK","world_series":[{"name":"Unnamed","y":7417070,"color":"#0099C6","drilldown":"Unnamed"}],"server_url_name":"Plan","server_uuid":"52b63f86-146c-4cf0-93c6-0c560d06d9d7","deaths":3},{"server_name":"Plan","start":"Today, 06:25","length":"4h 50m 41s","gm_series":[{"data":[["SURVIVAL",16511943],["SPECTATOR",0],["CREATIVE",0],["ADVENTURE",0]],"name":"Unnamed","id":"Unnamed"}],"player_uuid":"4c7e44ce-971c-4c01-a250-3f00928759be","most_used_world":"Unnamed (100%)","first_session":false,"mob_kills":87,"player_url_name":"DeNighty","afk_time":"1h 56m 43s","name":"DeNighty","player_kills":[],"end":"Today, 11:16","player_name":"DeNighty","world_series":[{"name":"Unnamed","y":16511943,"color":"#0099C6","drilldown":"Unnamed"}],"server_url_name":"Plan","server_uuid":"52b63f86-146c-4cf0-93c6-0c560d06d9d7","deaths":0},{"server_name":"Plan","start":"Today, 05:36","length":"32m 16s","gm_series":[{"data":[["SURVIVAL",1935334],["SPECTATOR",0],["CREATIVE",0],["ADVENTURE",0]],"name":"Unnamed","id":"Unnamed"}],"player_uuid":"4c7e44ce-971c-4c01-a250-3f00928759be","most_used_world":"Unnamed (100%)","first_session":false,"mob_kills":0,"player_url_name":"DeNighty","afk_time":"9m 50s","name":"DeNighty","player_kills":[],"end":"Today, 06:08","player_name":"DeNighty","world_series":[{"name":"Unnamed","y":1935334,"color":"#0099C6","drilldown":"Unnamed"}],"server_url_name":"Plan","server_uuid":"52b63f86-146c-4cf0-93c6-0c560d06d9d7","deaths":0},{"server_name":"Plan","start":"Today, 05:32","length":"3m 58s","gm_series":[{"data":[["SURVIVAL",0],["SPECTATOR",0],["CREATIVE",0],["ADVENTURE",0]],"name":"Unnamed","id":"Unnamed"}],"player_uuid":"4c7e44ce-971c-4c01-a250-3f00928759be","most_used_world":"- (-0%)","first_session":false,"mob_kills":0,"player_url_name":"DeNighty","afk_time":"0s","name":"DeNighty","player_kills":[],"end":"Today, 05:36","player_name":"DeNighty","world_series":[],"server_url_name":"Plan","server_uuid":"52b63f86-146c-4cf0-93c6-0c560d06d9d7","deaths":0}]}