jonas1998dk,1826428e-b92d-497f-9161-597c70b92c48
stepsmiley,8e5cc639-2c84-4b12-845a-cae378e7b3c7
namrahnad,07427a39-991f-4440-bb29-e0ce72da2b98
mattyy_pastizzi,23216c94-20cd-49a1-af26-3598ac79e64c
ni4ll,73b89ee7-a0f2-4dee-99d4-898f81fe4875
qassatalol,2dabff35-d1ce-4b78-8c09-b527b039b52a
skinneh,b642a4a1-0ba4-4064-8852-f500dc13bb2a
doggothebear,1956701a-44b8-4ff9-baed-765c451f72ca
greyisgay,f0ed9618-a029-4799-974e-1a1014a33f4d
francescomifsud,60085cf1-89ca-44b6-b46d-8ae3bbaff34b
therealjpcdb,893be978-b66f-47bd-8fcb-bcbb2e299a20
case_1112,629bf582-283a-4d31-9c9c-55e10da3bc5a
cosmobutter,ea3925a1-e282-49dd-8655-43035dcc692d
witherknight_,1a142f7a-3e79-48b8-8b76-e7c47f25bb7b
denighty,4c7e44ce-971c-4c01-a250-3f00928759be
foxytriples,b443542a-7cad-44bb-a29e-85db1e94e604
liquidthebear,6ee5e628-2dbe-4176-900e-c0088110e796
