{
  "group": "customunnamed",
  "type": "minecraft:crafting_shaped",
  "pattern": [
    " 12",
    " 45",
    "6  "
  ],
  "key": {
    "1": {
      "item": "minecraft:prismarine_shard"
    },
    "2": {
      "item": "minecraft:prismarine_shard"
    },
    "4": {
      "item": "minecraft:heart_of_the_sea"
    },
    "5": {
      "item": "minecraft:prismarine_shard"
    },
    "6": {
      "item": "minecraft:prismarine_crystals"
    }
  },
  "result": {
    "item": "minecraft:trident",
    "count": 1
  }
}